Year,Month,Days,Date,Max_temp,Min_temp,Rainfall,Solar_exposure
2013,1,Tuesday,2013/1/1,28.9,12.1,0,32.8
2013,1,Wednesday,2013/1/2,22.2,11.9,0.4,31.5
2013,1,Thursday,2013/1/3,38,11.7,0,33.6
2013,1,Friday,2013/1/4,41.5,22.1,0,33.6
2013,1,Saturday,2013/1/5,27.5,17.8,0,32.2
2013,1,Sunday,2013/1/6,26.5,14.3,0,31.8
2013,1,Monday,2013/1/7,34.3,14.3,0,32.9
2013,1,Tuesday,2013/1/8,33.9,14.1,0,25.2
2013,1,Wednesday,2013/1/9,21.5,11,0,27.8
2013,1,Thursday,2013/1/10,27.8,8.7,0,33.1
2013,1,Friday,2013/1/11,40.9,15.7,0,30
2013,1,Saturday,2013/1/12,25,13.2,0,17.6
2013,1,Sunday,2013/1/13,19.8,14.1,0,5.7
2013,1,Monday,2013/1/14,21.5,9.7,0,28.3
2013,1,Tuesday,2013/1/15,30.1,9,0,32.5
2013,1,Wednesday,2013/1/16,26.5,11.5,0,32.7
2013,1,Thursday,2013/1/17,41.3,12.3,0,29.4
2013,1,Friday,2013/1/18,28.6,22.4,0,18.5
2013,1,Saturday,2013/1/19,22.3,13,0,27.8
2013,1,Sunday,2013/1/20,26.6,10.9,0,32.2
2013,1,Monday,2013/1/21,27.8,15.9,0,30.2
2013,1,Tuesday,2013/1/22,24.8,15.3,0,27.9
2013,1,Wednesday,2013/1/23,23.3,15.2,0,31
2013,1,Thursday,2013/1/24,36,11.9,0,31.5
2013,1,Friday,2013/1/25,27.3,21.2,0,11.9
2013,1,Saturday,2013/1/26,21.5,14.6,0,15
2013,1,Sunday,2013/1/27,23.8,13.4,0.8,23.3
2013,1,Monday,2013/1/28,24.5,12.5,0,28.5
2013,1,Tuesday,2013/1/29,20.3,13.6,8.6,19.9
2013,1,Wednesday,2013/1/30,28.7,8.5,0,31
2013,1,Thursday,2013/1/31,25.6,13.5,0,13.7
2013,2,Friday,2013/2/1,18.9,8.8,12.2,23.7
2013,2,Saturday,2013/2/2,21.3,11,0.6,27.8
2013,2,Sunday,2013/2/3,25,13.8,0.4,20.2
2013,2,Monday,2013/2/4,22.6,14,0,25.8
2013,2,Tuesday,2013/2/5,29.9,14.7,0,29.6
2013,2,Wednesday,2013/2/6,37.2,11.7,0,28.5
2013,2,Thursday,2013/2/7,32.6,16.4,0,24.6
2013,2,Friday,2013/2/8,30.1,14.8,0,29.4
2013,2,Saturday,2013/2/9,32.5,13.5,0,25.1
2013,2,Sunday,2013/2/10,22.7,15.6,0,22.9
2013,2,Monday,2013/2/11,25.5,12.8,0,28.7
2013,2,Tuesday,2013/2/12,25.9,13.7,0,24.5
2013,2,Wednesday,2013/2/13,32.7,13.2,0,28.6
2013,2,Thursday,2013/2/14,32.7,16.6,0,18.6
2013,2,Friday,2013/2/15,31.4,17.4,0,28.1
2013,2,Saturday,2013/2/16,34.8,16.1,0,25
2013,2,Sunday,2013/2/17,35.3,16.8,0,27
2013,2,Monday,2013/2/18,36.5,19,0,27.5
2013,2,Tuesday,2013/2/19,19.1,18.7,0,4.3
2013,2,Wednesday,2013/2/20,27.4,14.9,0,27.4
2013,2,Thursday,2013/2/21,31.1,14.7,0,17
2013,2,Friday,2013/2/22,31.8,18.2,7.6,24.4
2013,2,Saturday,2013/2/23,31.8,16.2,0,26.9
2013,2,Sunday,2013/2/24,34.5,17,0,24.3
2013,2,Monday,2013/2/25,33.6,20.9,0,20.5
2013,2,Tuesday,2013/2/26,28.5,15.6,19,12.3
2013,2,Wednesday,2013/2/27,29.1,17,3.8,7.1
2013,2,Thursday,2013/2/28,18.3,13.9,11.6,13.8
2013,3,Friday,2013/3/1,23.8,12.7,0.2,26.4
2013,3,Saturday,2013/3/2,26.3,13.1,0,26.7
2013,3,Sunday,2013/3/3,28.8,10.2,0,26.6
2013,3,Monday,2013/3/4,31.5,13.4,0,25.9
2013,3,Tuesday,2013/3/5,32.7,15.7,0,25.5
2013,3,Wednesday,2013/3/6,33.6,15.9,0,23.9
2013,3,Thursday,2013/3/7,35.2,20.1,0,15.5
2013,3,Friday,2013/3/8,34.6,18.6,0,18.6
2013,3,Saturday,2013/3/9,35.9,19.9,0,20.8
2013,3,Sunday,2013/3/10,36.3,19.2,0,12.8
2013,3,Monday,2013/3/11,36.9,17.1,0.2,20
2013,3,Tuesday,2013/3/12,36.2,23.2,0,22.6
2013,3,Wednesday,2013/3/13,26.5,24.3,0,16.8
2013,3,Thursday,2013/3/14,22.2,13.4,0,17.8
2013,3,Friday,2013/3/15,23.2,14.9,0,18.8
2013,3,Saturday,2013/3/16,24,14.4,0,10.1
2013,3,Sunday,2013/3/17,17.1,9.5,14.8,7.7
2013,3,Monday,2013/3/18,19.1,11.1,3.2,10.9
2013,3,Tuesday,2013/3/19,22.6,9.2,2,21.9
2013,3,Wednesday,2013/3/20,28.8,10.7,0,19.3
2013,3,Thursday,2013/3/21,22.5,17.6,0,9.5
2013,3,Friday,2013/3/22,19.5,12.3,2,6.9
2013,3,Saturday,2013/3/23,25,12.7,0.8,16.4
2013,3,Sunday,2013/3/24,25.6,15.2,0,14.7
2013,3,Monday,2013/3/25,23.8,10.6,0,18.5
2013,3,Tuesday,2013/3/26,30.6,13.8,0,19.6
2013,3,Wednesday,2013/3/27,35.5,19.3,0,14.6
2013,3,Thursday,2013/3/28,20.6,14.6,18.8,10.4
2013,3,Friday,2013/3/29,17.8,9,0.2,8.6
2013,3,Saturday,2013/3/30,21.6,12.3,0,10.4
2013,3,Sunday,2013/3/31,17.5,11.7,2,9
2013,4,Monday,2013/4/1,20.1,8.2,2.2,10.1
2013,4,Tuesday,2013/4/2,18.9,11.3,0,7.7
2013,4,Wednesday,2013/4/3,16.9,9.5,3.6,8.5
2013,4,Thursday,2013/4/4,19.7,5.7,0,18.7
2013,4,Friday,2013/4/5,24.6,8.9,0,15.5
2013,4,Saturday,2013/4/6,27.1,10.6,0,16.9
2013,4,Sunday,2013/4/7,27.7,16,0,11.2
2013,4,Monday,2013/4/8,21.8,14.3,2.6,14.4
2013,4,Tuesday,2013/4/9,22.3,12.7,0,15
2013,4,Wednesday,2013/4/10,24.3,10.3,0,16.5
2013,4,Thursday,2013/4/11,16.5,12.3,0.2,3.4
2013,4,Friday,2013/4/12,27.2,9.6,0.4,15.4
2013,4,Saturday,2013/4/13,24.1,14.9,1.6,3.9
2013,4,Sunday,2013/4/14,21.4,13.5,0,10
2013,4,Monday,2013/4/15,15,12,0.6,5.5
2013,4,Tuesday,2013/4/16,18.2,8.4,1.8,14.6
2013,4,Wednesday,2013/4/17,17.6,8.5,0,10
2013,4,Thursday,2013/4/18,15.9,7.5,1.6,6.6
2013,4,Friday,2013/4/19,16.2,8.4,1.8,11.9
2013,4,Saturday,2013/4/20,17.8,5.6,0,11.6
2013,4,Sunday,2013/4/21,20.7,5.6,0,13.8
2013,4,Monday,2013/4/22,18.5,10.7,0.4,5.3
2013,4,Tuesday,2013/4/23,18.8,10.4,3.8,10.2
2013,4,Wednesday,2013/4/24,20.1,11.5,0,8.9
2013,4,Thursday,2013/4/25,20.8,9,3.6,12.1
2013,4,Friday,2013/4/26,22,13.6,0,7.3
2013,4,Saturday,2013/4/27,24.5,12.8,0,11.8
2013,4,Sunday,2013/4/28,19.1,14.9,0,6.6
2013,4,Monday,2013/4/29,18.2,6.9,0,9.9
2013,4,Tuesday,2013/4/30,17.7,5,0,10.2
2013,5,Wednesday,2013/5/1,16.7,7.9,0,7.2
2013,5,Thursday,2013/5/2,16.4,3.8,2.8,13.2
2013,5,Friday,2013/5/3,19.5,5.7,0,10
2013,5,Saturday,2013/5/4,15.3,8.4,0.4,7.7
2013,5,Sunday,2013/5/5,14.7,9,0,5.9
2013,5,Monday,2013/5/6,18.6,2.1,0,12.5
2013,5,Tuesday,2013/5/7,19.9,7.7,0.4,10
2013,5,Wednesday,2013/5/8,23.9,10.7,0,10.6
2013,5,Thursday,2013/5/9,26.2,14.6,0,11.4
2013,5,Friday,2013/5/10,25,11.3,0,11.3
2013,5,Saturday,2013/5/11,24.1,11.5,0,10.8
2013,5,Sunday,2013/5/12,23.4,14.4,0,6.5
2013,5,Monday,2013/5/13,17.6,11.8,0.8,7.8
2013,5,Tuesday,2013/5/14,13.5,5.8,0.4,7.6
2013,5,Wednesday,2013/5/15,15.5,8.1,0.4,7
2013,5,Thursday,2013/5/16,15.4,9.1,1.4,4.9
2013,5,Friday,2013/5/17,15.5,9.1,4.8,7.3
2013,5,Saturday,2013/5/18,13.5,7.9,0,6.2
2013,5,Sunday,2013/5/19,16.9,6.6,0.8,8.7
2013,5,Monday,2013/5/20,14.6,8.6,0,2.9
2013,5,Tuesday,2013/5/21,16,6,4.4,9.2
2013,5,Wednesday,2013/5/22,15,3.6,0,6.8
2013,5,Thursday,2013/5/23,15.7,3.1,0.2,8.8
2013,5,Friday,2013/5/24,16.7,4.3,0.2,9.1
2013,5,Saturday,2013/5/25,18.6,6.7,0,7.6
2013,5,Sunday,2013/5/26,15.6,7.8,0,3.3
2013,5,Monday,2013/5/27,14.8,8.7,0,5.4
2013,5,Tuesday,2013/5/28,17.9,3.4,0.2,8.5
2013,5,Wednesday,2013/5/29,18.4,7,0,7.6
2013,5,Thursday,2013/5/30,15.5,11.1,0.4,2.5
2013,5,Friday,2013/5/31,17.3,11.2,8.4,6.1
2013,6,Saturday,2013/6/1,15.1,12.8,75.8,2.8
2013,6,Sunday,2013/6/2,14.4,8.4,3.6,6
2013,6,Monday,2013/6/3,14.3,8.9,0.6,4.6
2013,6,Tuesday,2013/6/4,14.5,9.6,0,4.1
2013,6,Wednesday,2013/6/5,13.6,9.4,0,5.1
2013,6,Thursday,2013/6/6,16.5,11.2,0,5.5
2013,6,Friday,2013/6/7,13.9,10.2,8.8,6.1
2013,6,Saturday,2013/6/8,15,4.5,0.6,8.3
2013,6,Sunday,2013/6/9,13.9,4.5,0,8.2
2013,6,Monday,2013/6/10,15.6,3.2,0,6.8
2013,6,Tuesday,2013/6/11,14.8,8.8,0,2.8
2013,6,Wednesday,2013/6/12,12.1,7.4,0.8,2.4
2013,6,Thursday,2013/6/13,11.9,9.3,9.6,2.7
2013,6,Friday,2013/6/14,12.9,10.3,21,4.9
2013,6,Saturday,2013/6/15,13.1,5.4,0,4.2
2013,6,Sunday,2013/6/16,12.9,6,1,7
2013,6,Monday,2013/6/17,10.6,5.5,0.4,2.8
2013,6,Tuesday,2013/6/18,13.3,7.3,3.8,6.2
2013,6,Wednesday,2013/6/19,12.9,2.3,0,8.2
2013,6,Thursday,2013/6/20,14.3,0.9,0,8.3
2013,6,Friday,2013/6/21,13.7,1.1,0,8.2
2013,6,Saturday,2013/6/22,13.5,0.6,0,8.2
2013,6,Sunday,2013/6/23,12.9,1.1,0,8.2
2013,6,Monday,2013/6/24,11,0.2,0,5.5
2013,6,Tuesday,2013/6/25,15.4,4.6,0,7.7
2013,6,Wednesday,2013/6/26,17.3,2,0,8.2
2013,6,Thursday,2013/6/27,16.8,4.5,0,5.7
2013,6,Friday,2013/6/28,16.3,5.6,0,7.9
2013,6,Saturday,2013/6/29,12.8,3.9,0,4.8
2013,6,Sunday,2013/6/30,17.7,4.7,0,6.9
2013,7,Monday,2013/7/1,18.2,9.3,0.2,3.6
2013,7,Tuesday,2013/7/2,17.9,10.4,1,8.5
2013,7,Wednesday,2013/7/3,16.1,7.1,0,8.9
2013,7,Thursday,2013/7/4,15.4,7.7,0,4.8
2013,7,Friday,2013/7/5,12.9,7.3,0,7.6
2013,7,Saturday,2013/7/6,14.7,7.9,0,7.1
2013,7,Sunday,2013/7/7,12.3,4,2,5.3
2013,7,Monday,2013/7/8,14,2.9,0,7.3
2013,7,Tuesday,2013/7/9,13.1,2,0,9.2
2013,7,Wednesday,2013/7/10,14.4,1.7,0,9.2
2013,7,Thursday,2013/7/11,14.7,2.5,0,8
2013,7,Friday,2013/7/12,16.5,6.6,0,8.1
2013,7,Saturday,2013/7/13,14,9,0,2.9
2013,7,Sunday,2013/7/14,14.9,11.4,4.8,2.6
2013,7,Monday,2013/7/15,17.5,10.9,1,7
2013,7,Tuesday,2013/7/16,16.1,8.9,0,6.8
2013,7,Wednesday,2013/7/17,16.8,7.5,0,6.3
2013,7,Thursday,2013/7/18,21.3,11.3,0,7.3
2013,7,Friday,2013/7/19,15.7,12.7,7.4,8.1
2013,7,Saturday,2013/7/20,8.4,5.2,4.2,2.9
2013,7,Sunday,2013/7/21,9.9,3.9,6.6,9.7
2013,7,Monday,2013/7/22,13,3.7,0,8.4
2013,7,Tuesday,2013/7/23,12.1,7.1,1.2,5.2
2013,7,Wednesday,2013/7/24,13.3,8.4,0.2,6.1
2013,7,Thursday,2013/7/25,11.6,2.4,0,8.6
2013,7,Friday,2013/7/26,15,7.7,0.6,9.5
2013,7,Saturday,2013/7/27,13.3,7.7,0,8.8
2013,7,Sunday,2013/7/28,16.4,9.4,0,5
2013,7,Monday,2013/7/29,18.2,9.5,5.8,10.4
2013,7,Tuesday,2013/7/30,14.7,8.9,0,9.8
2013,7,Wednesday,2013/7/31,14.3,2.2,0,10.4
2013,8,Thursday,2013/8/1,13.9,4.4,0,10.2
2013,8,Friday,2013/8/2,13.1,4.4,0,6.4
2013,8,Saturday,2013/8/3,12.3,4.5,2.4,4.4
2013,8,Sunday,2013/8/4,13.3,6,2.2,7.2
2013,8,Monday,2013/8/5,14.9,9.5,0.2,5.8
2013,8,Tuesday,2013/8/6,14.8,9.2,5.6,10
2013,8,Wednesday,2013/8/7,13.3,5.1,0,6.6
2013,8,Thursday,2013/8/8,13,4.8,12,9.2
2013,8,Friday,2013/8/9,11.1,5.8,5.6,2.8
2013,8,Saturday,2013/8/10,16.3,6.9,0.2,12.3
2013,8,Sunday,2013/8/11,15.5,5.9,0,12.2
2013,8,Monday,2013/8/12,14.8,9.4,0,10.7
2013,8,Tuesday,2013/8/13,15.6,5.5,0.4,12.7
2013,8,Wednesday,2013/8/14,13.8,9.2,0,6
2013,8,Thursday,2013/8/15,16.6,5.1,2.6,11.4
2013,8,Friday,2013/8/16,15.7,7.4,0,13.7
2013,8,Saturday,2013/8/17,15.6,6.6,1,11.1
2013,8,Sunday,2013/8/18,17,8.7,0.4,8.9
2013,8,Monday,2013/8/19,11.7,5.4,0,11.7
2013,8,Tuesday,2013/8/20,12.2,3.5,0,11
2013,8,Wednesday,2013/8/21,13.8,3.8,1,11.4
2013,8,Thursday,2013/8/22,15,8.2,0,10
2013,8,Friday,2013/8/23,14.9,9.5,0.6,5.4
2013,8,Saturday,2013/8/24,15.4,9.1,0,8.4
2013,8,Sunday,2013/8/25,16.7,9.7,0,9.3
2013,8,Monday,2013/8/26,18.5,8,0,13.3
2013,8,Tuesday,2013/8/27,19.8,8.2,0,12.5
2013,8,Wednesday,2013/8/28,21.3,8.5,0,11.2
2013,8,Thursday,2013/8/29,22.8,10.5,0,9.5
2013,8,Friday,2013/8/30,19.1,13.2,3,10.2
2013,8,Saturday,2013/8/31,21.4,8.4,1,16.3
2013,9,Sunday,2013/9/1,21.9,13.3,0,15.1
2013,9,Monday,2013/9/2,20.9,10.5,0,15.4
2013,9,Tuesday,2013/9/3,24.6,7.4,0,15.4
2013,9,Wednesday,2013/9/4,23.2,14.9,0,12.1
2013,9,Thursday,2013/9/5,18.2,17.3,0,2.4
2013,9,Friday,2013/9/6,14.2,9.9,2.2,3.4
2013,9,Saturday,2013/9/7,18.4,7.1,0,11.1
2013,9,Sunday,2013/9/8,17.3,5.9,0,15.1
2013,9,Monday,2013/9/9,22.3,10.9,0.2,12
2013,9,Tuesday,2013/9/10,16.3,9.6,0,12.6
2013,9,Wednesday,2013/9/11,15.8,6.3,0,14
2013,9,Thursday,2013/9/12,13.3,5.9,0.6,13.8
2013,9,Friday,2013/9/13,15.2,-0.4,0.2,11.6
2013,9,Saturday,2013/9/14,17.7,7.9,0,11.2
2013,9,Sunday,2013/9/15,21.3,7.5,0,17.6
2013,9,Monday,2013/9/16,17,11.9,1.6,3.7
2013,9,Tuesday,2013/9/17,18.9,9.1,29.6,12
2013,9,Wednesday,2013/9/18,19.1,10.7,0,9.6
2013,9,Thursday,2013/9/19,16.4,9.2,8.4,10.5
2013,9,Friday,2013/9/20,17,9.1,0.2,11.9
2013,9,Saturday,2013/9/21,19.1,5.2,1.2,15
2013,9,Sunday,2013/9/22,21.4,10.7,1.8,17.2
2013,9,Monday,2013/9/23,22.3,6.4,0,13
2013,9,Tuesday,2013/9/24,23.7,10.8,0,14.9
2013,9,Wednesday,2013/9/25,23.2,15,0,19.8
2013,9,Thursday,2013/9/26,15,10.6,18.6,17.3
2013,9,Friday,2013/9/27,19.5,5,0.2,20
2013,9,Saturday,2013/9/28,15,5.8,1.2,14.5
2013,9,Sunday,2013/9/29,20.9,5.2,0,20.4
2013,9,Monday,2013/9/30,22.8,13.2,0,7.8
2013,10,Tuesday,2013/10/1,15.8,10.3,3.2,16
2013,10,Wednesday,2013/10/2,16.9,7,0,12.6
2013,10,Thursday,2013/10/3,14.4,6.9,1.6,15.6
2013,10,Friday,2013/10/4,20.3,4.1,0,22.4
2013,10,Saturday,2013/10/5,24.9,12,0,12.4
2013,10,Sunday,2013/10/6,17.4,11.4,0,12.8
2013,10,Monday,2013/10/7,16.9,5.5,3.2,20
2013,10,Tuesday,2013/10/8,20.6,8.6,0.2,20.2
2013,10,Wednesday,2013/10/9,25.8,10.6,0,18.9
2013,10,Thursday,2013/10/10,16.8,13,0,3.1
2013,10,Friday,2013/10/11,19.5,7.3,4.6,22.8
2013,10,Saturday,2013/10/12,24.4,8.7,0,24.3
2013,10,Sunday,2013/10/13,16.4,8.3,0,10.3
2013,10,Monday,2013/10/14,14.2,5,2.2,15.6
2013,10,Tuesday,2013/10/15,19,6.3,2.2,24
2013,10,Wednesday,2013/10/16,26.9,11.2,0,16.9
2013,10,Thursday,2013/10/17,14.8,8.8,1.6,19.5
2013,10,Friday,2013/10/18,21.2,4.2,0.8,25.7
2013,10,Saturday,2013/10/19,25.3,11,0,25.8
2013,10,Sunday,2013/10/20,32.7,14.5,0,17.4
2013,10,Monday,2013/10/21,17,12.8,0,4.2
2013,10,Tuesday,2013/10/22,16.7,11,0.2,3.5
2013,10,Wednesday,2013/10/23,15.2,11.6,15.4,8.1
2013,10,Thursday,2013/10/24,14.7,5.7,4,14.9
2013,10,Friday,2013/10/25,15.5,4.6,0.2,13.1
2013,10,Saturday,2013/10/26,16.4,7.1,1,11.3
2013,10,Sunday,2013/10/27,16.7,7,0,15
2013,10,Monday,2013/10/28,17.8,9.6,0,7.6
2013,10,Tuesday,2013/10/29,16.2,10,2,15.3
2013,10,Wednesday,2013/10/30,17.6,10.2,0,13.9
2013,10,Thursday,2013/10/31,16.9,9.7,0.2,18.4
2013,11,Friday,2013/11/1,23.5,5.9,0,26.4
2013,11,Saturday,2013/11/2,27.1,9.7,0,24.8
2013,11,Sunday,2013/11/3,16.4,11.2,0.4,18.1
2013,11,Monday,2013/11/4,16.9,6.5,2.8,24.6
2013,11,Tuesday,2013/11/5,25.2,5.4,0,27.8
2013,11,Wednesday,2013/11/6,29.6,10.4,0,27.4
2013,11,Thursday,2013/11/7,23.8,17.2,0,10
2013,11,Friday,2013/11/8,18.3,12.8,0,3.5
2013,11,Saturday,2013/11/9,15.1,9.2,2.8,11.1
2013,11,Sunday,2013/11/10,16.3,6.6,8.4,15.3
2013,11,Monday,2013/11/11,17.7,5.7,0,12.5
2013,11,Tuesday,2013/11/12,16.2,10.6,1,3.7
2013,11,Wednesday,2013/11/13,14.1,9,20.6,5.7
2013,11,Thursday,2013/11/14,17.4,10.6,5.2,11.7
2013,11,Friday,2013/11/15,17.5,8.5,0,19.6
2013,11,Saturday,2013/11/16,17.7,7.3,0,13.2
2013,11,Sunday,2013/11/17,19.6,8.1,0,28.4
2013,11,Monday,2013/11/18,26.7,10.1,0,29
2013,11,Tuesday,2013/11/19,30.3,13.8,0,24.3
2013,11,Wednesday,2013/11/20,17.4,13.2,0,6.1
2013,11,Thursday,2013/11/21,24.1,10.3,0.2,21.8
2013,11,Friday,2013/11/22,21,11.8,0,20.7
2013,11,Saturday,2013/11/23,19,9.5,0,12.4
2013,11,Sunday,2013/11/24,18.9,10.8,5.8,9.7
2013,11,Monday,2013/11/25,21.7,11.8,0.2,27.5
2013,11,Tuesday,2013/11/26,27.7,6.9,0,26.1
2013,11,Wednesday,2013/11/27,32.3,12.3,0,24.2
2013,11,Thursday,2013/11/28,24.5,20.7,0,2.3
2013,11,Friday,2013/11/29,16.1,10.1,8.4,9.8
2013,11,Saturday,2013/11/30,20,10.2,1,27
2013,12,Sunday,2013/12/1,30.7,7.6,0,29.1
2013,12,Monday,2013/12/2,35.5,19.2,0,30.7
2013,12,Tuesday,2013/12/3,26.9,12.2,0,14
2013,12,Wednesday,2013/12/4,20.5,16.2,6,3.4
2013,12,Thursday,2013/12/5,15.8,8.6,5.2,6.1
2013,12,Friday,2013/12/6,17.7,6.2,14,23.1
2013,12,Saturday,2013/12/7,26,8,0,32.7
2013,12,Sunday,2013/12/8,27.9,12.5,0,3.9
2013,12,Monday,2013/12/9,19.6,14.3,0,2.5
2013,12,Tuesday,2013/12/10,20.2,10.8,7.4,23.8
2013,12,Wednesday,2013/12/11,21.4,11.2,0,17.6
2013,12,Thursday,2013/12/12,24.1,7.8,2.2,32
2013,12,Friday,2013/12/13,24.4,13.3,0,18.3
2013,12,Saturday,2013/12/14,18.9,11.8,0,27.2
2013,12,Sunday,2013/12/15,20.7,11.6,0,28.6
2013,12,Monday,2013/12/16,21.1,13.5,0,26.3
2013,12,Tuesday,2013/12/17,22.7,13.3,0,30.2
2013,12,Wednesday,2013/12/18,29.8,12.7,0,29.8
2013,12,Thursday,2013/12/19,39.3,14.2,0,29.3
2013,12,Friday,2013/12/20,26.7,18.8,0,25.9
2013,12,Saturday,2013/12/21,20.3,14.2,0,5.2
2013,12,Sunday,2013/12/22,28.6,15,0.2,3.5
2013,12,Monday,2013/12/23,16.9,13.4,0,9.6
2013,12,Tuesday,2013/12/24,23,8,0.8,33.8
2013,12,Wednesday,2013/12/25,31.6,9.2,0,31.6
2013,12,Thursday,2013/12/26,28.5,15.9,0,21.6
2013,12,Friday,2013/12/27,24.4,14,0,27.1
2013,12,Saturday,2013/12/28,37.2,10.8,0,29
2013,12,Sunday,2013/12/29,19.9,9.8,0,34.5
2013,12,Monday,2013/12/30,21.2,7.5,0,34.4
2013,12,Tuesday,2013/12/31,25.6,8.1,0,33.7
2014,1,Wednesday,2014/1/1,25.1,12.8,0,3.1
2014,1,Thursday,2014/1/2,23.6,12.3,1.6,29.4
2014,1,Friday,2014/1/3,23.6,13.8,0,29
2014,1,Saturday,2014/1/4,21.1,10.7,0,16.3
2014,1,Sunday,2014/1/5,27.2,8.8,0,28.5
2014,1,Monday,2014/1/6,19.9,11.1,0.4,19.5
2014,1,Tuesday,2014/1/7,19.1,11.6,0,18.7
2014,1,Wednesday,2014/1/8,27.3,7.7,0,32.9
2014,1,Thursday,2014/1/9,32.4,12.1,0,31.8
2014,1,Friday,2014/1/10,34.9,18.3,0,30.2
2014,1,Saturday,2014/1/11,23.1,16.9,0,19.1
2014,1,Sunday,2014/1/12,24.6,15.1,0,26
2014,1,Monday,2014/1/13,34.6,12.7,0,32.5
2014,1,Tuesday,2014/1/14,43.5,16.6,0,31.2
2014,1,Wednesday,2014/1/15,42.9,28.1,0,21.9
2014,1,Thursday,2014/1/16,43.1,23.7,0,23
2014,1,Friday,2014/1/17,43.9,24.1,0,29.5
2014,1,Saturday,2014/1/18,25.7,20,0,19.7
2014,1,Sunday,2014/1/19,23.1,15.2,0,27.8
2014,1,Monday,2014/1/20,24.7,15.9,0,18.5
2014,1,Tuesday,2014/1/21,22.6,15.8,0,21.1
2014,1,Wednesday,2014/1/22,23.4,14.1,0.2,31.6
2014,1,Thursday,2014/1/23,33.7,10.2,0,31
2014,1,Friday,2014/1/24,22.8,16.1,1.8,11.3
2014,1,Saturday,2014/1/25,20.3,12.5,4.4,26.4
2014,1,Sunday,2014/1/26,28.2,9.4,0,31.4
2014,1,Monday,2014/1/27,35.5,15.7,0,30.9
2014,1,Tuesday,2014/1/28,42.1,23.4,0,29.6
2014,1,Wednesday,2014/1/29,23.7,17.5,0,22.5
2014,1,Thursday,2014/1/30,31.1,12.9,0,28.4
2014,1,Friday,2014/1/31,28.1,16.3,0,28.3
2014,2,Saturday,2014/2/1,33.7,17.8,0,29
2014,2,Sunday,2014/2/2,40.5,13.6,0,29.8
2014,2,Monday,2014/2/3,37.5,23.2,0,10.5
2014,2,Tuesday,2014/2/4,25,13.7,0.6,28.8
2014,2,Wednesday,2014/2/5,30.9,10.6,0,28.7
2014,2,Thursday,2014/2/6,35.3,14.2,0,27.7
2014,2,Friday,2014/2/7,37.9,22.9,0,25.3
2014,2,Saturday,2014/2/8,42.2,14.2,0,27.6
2014,2,Sunday,2014/2/9,41.2,19.8,0,26.8
2014,2,Monday,2014/2/10,23.7,12.5,0,28.4
2014,2,Tuesday,2014/2/11,27.3,11.9,0,25
2014,2,Wednesday,2014/2/12,28.1,14.9,0,21.5
2014,2,Thursday,2014/2/13,26.4,17.7,0,7.1
2014,2,Friday,2014/2/14,27,17.8,0,7.3
2014,2,Saturday,2014/2/15,28.2,19.3,0,10.1
2014,2,Sunday,2014/2/16,22.9,15.4,4.8,18
2014,2,Monday,2014/2/17,25.7,12.6,0.2,25.7
2014,2,Tuesday,2014/2/18,31.9,11.5,0,23.5
2014,2,Wednesday,2014/2/19,25.7,15.5,0,15.6
2014,2,Thursday,2014/2/20,20.2,10,7.8,22.7
2014,2,Friday,2014/2/21,20.6,10.4,0,17.2
2014,2,Saturday,2014/2/22,19.7,11.4,0.6,9.6
2014,2,Sunday,2014/2/23,24.6,12.8,0,26.4
2014,2,Monday,2014/2/24,27.3,12.8,0,24.3
2014,2,Tuesday,2014/2/25,36.4,12.3,0,17.4
2014,2,Wednesday,2014/2/26,21.5,11.8,0,14.1
2014,2,Thursday,2014/2/27,21.3,9.6,0,19.4
2014,2,Friday,2014/2/28,23.2,9.5,0,25.1
2014,3,Saturday,2014/3/1,23.2,14.9,0,12.1
2014,3,Sunday,2014/3/2,22.6,16,0,18.3
2014,3,Monday,2014/3/3,26.7,11.8,0,23.5
2014,3,Tuesday,2014/3/4,34.1,13.5,0,22.6
2014,3,Wednesday,2014/3/5,22.9,20.2,0,3.2
2014,3,Thursday,2014/3/6,21,13.4,0,23
2014,3,Friday,2014/3/7,22.7,11.6,0,10.5
2014,3,Saturday,2014/3/8,27.9,14.1,0,18.9
2014,3,Sunday,2014/3/9,33.4,15.1,0,22.5
2014,3,Monday,2014/3/10,35.2,22.2,0,14.7
2014,3,Tuesday,2014/3/11,32.1,17.3,0.4,4.4
2014,3,Wednesday,2014/3/12,21.3,14,3.4,18.4
2014,3,Thursday,2014/3/13,23.7,9.6,0,21.3
2014,3,Friday,2014/3/14,28.6,12.8,0,21.1
2014,3,Saturday,2014/3/15,30.2,16.6,0,6.5
2014,3,Sunday,2014/3/16,20,10.8,5.6,13.7
2014,3,Monday,2014/3/17,25.3,11.6,1,10.5
2014,3,Tuesday,2014/3/18,25.1,12.5,0,11.5
2014,3,Wednesday,2014/3/19,22.1,9.2,0,20.2
2014,3,Thursday,2014/3/20,31.1,9.2,0,20.8
2014,3,Friday,2014/3/21,25.7,15.3,0,11.7
2014,3,Saturday,2014/3/22,18.4,10.8,0,9.4
2014,3,Sunday,2014/3/23,16.8,12.3,0,7.1
2014,3,Monday,2014/3/24,18.3,8.9,0,7.7
2014,3,Tuesday,2014/3/25,24.3,11.9,1,15.6
2014,3,Wednesday,2014/3/26,27.3,12.5,0,14.1
2014,3,Thursday,2014/3/27,25.9,16.2,5.6,8.1
2014,3,Friday,2014/3/28,22,15.9,8,9.5
2014,3,Saturday,2014/3/29,24.4,11.2,0,16.1
2014,3,Sunday,2014/3/30,26.6,14,0.4,13.9
2014,3,Monday,2014/3/31,32,15.4,0,17.4
2014,4,Tuesday,2014/4/1,33.7,20.6,0,17.2
2014,4,Wednesday,2014/4/2,23.6,21.7,0,4.2
2014,4,Thursday,2014/4/3,17.3,13.3,0.2,3.8
2014,4,Friday,2014/4/4,18.6,13.1,0.2,5.8
2014,4,Saturday,2014/4/5,24.3,13.8,0,10.7
2014,4,Sunday,2014/4/6,23.2,11.5,0,14.3
2014,4,Monday,2014/4/7,25.2,10.8,0,11.3
2014,4,Tuesday,2014/4/8,20.9,15.6,0,3.5
2014,4,Wednesday,2014/4/9,17.5,16.1,16.6,3.6
2014,4,Thursday,2014/4/10,18.2,16,17.6,3.3
2014,4,Friday,2014/4/11,17,16.4,11.2,2.9
2014,4,Saturday,2014/4/12,20.7,14.3,4.6,10.5
2014,4,Sunday,2014/4/13,20.4,10.9,0,13.1
2014,4,Monday,2014/4/14,20.3,8.1,0,13.9
2014,4,Tuesday,2014/4/15,19.5,8,0,13.6
2014,4,Wednesday,2014/4/16,22.6,8.9,0.2,13
2014,4,Thursday,2014/4/17,24.4,9.2,0,14.6
2014,4,Friday,2014/4/18,18.9,11.8,0,5.7
2014,4,Saturday,2014/4/19,16.2,9.1,2,7.5
2014,4,Sunday,2014/4/20,18.6,10.1,0,8
2014,4,Monday,2014/4/21,19,10.9,0,10.2
2014,4,Tuesday,2014/4/22,17.3,12.3,1.4,3
2014,4,Wednesday,2014/4/23,18.8,8.7,3,12.5
2014,4,Thursday,2014/4/24,17,11.5,0.6,12.7
2014,4,Friday,2014/4/25,20.1,3.5,0,14.1
2014,4,Saturday,2014/4/26,19,10.4,0,6.6
2014,4,Sunday,2014/4/27,16.1,5,0.2,13.2
2014,4,Monday,2014/4/28,21,4.2,0,9.4
2014,4,Tuesday,2014/4/29,18,15.1,0,2.6
2014,4,Wednesday,2014/4/30,15.9,8.5,7.8,9.2
2014,5,Thursday,2014/5/1,15.6,4.5,0,9.6
2014,5,Friday,2014/5/2,13.6,9,0,5.3
2014,5,Saturday,2014/5/3,15.5,8.6,0.6,8.3
2014,5,Sunday,2014/5/4,12.7,7,4.8,6.6
2014,5,Monday,2014/5/5,16.3,8.3,1,6.7
2014,5,Tuesday,2014/5/6,14.4,8.7,0.2,7.2
2014,5,Wednesday,2014/5/7,14.5,8.7,0.6,9.1
2014,5,Thursday,2014/5/8,17.5,2.3,0,11.9
2014,5,Friday,2014/5/9,16.8,4.2,0,6.5
2014,5,Saturday,2014/5/10,16.9,12.3,5,3.8
2014,5,Sunday,2014/5/11,18.9,7.9,1.2,9.2
2014,5,Monday,2014/5/12,18.5,6.8,0.4,11.1
2014,5,Tuesday,2014/5/13,20.4,5.2,0,9.8
2014,5,Wednesday,2014/5/14,20.7,7.4,0,10.2
2014,5,Thursday,2014/5/15,21.6,13.1,0,10.3
2014,5,Friday,2014/5/16,23.3,14.2,0,8.8
2014,5,Saturday,2014/5/17,18.8,14.9,0,4.3
2014,5,Sunday,2014/5/18,21.2,15.7,0,6.5
2014,5,Monday,2014/5/19,22.8,15.2,0.2,8.7
2014,5,Tuesday,2014/5/20,22.1,12.2,0,4.7
2014,5,Wednesday,2014/5/21,23.4,8.6,0,9.4
2014,5,Thursday,2014/5/22,20.7,14,0,6.6
2014,5,Friday,2014/5/23,20.2,14.8,3.2,4.9
2014,5,Saturday,2014/5/24,17,8.2,0,7.9
2014,5,Sunday,2014/5/25,19.5,10,0,8.2
2014,5,Monday,2014/5/26,19.4,8.6,0,4.2
2014,5,Tuesday,2014/5/27,20,15.6,0,3.6
2014,5,Wednesday,2014/5/28,18.3,10,0.4,5.4
2014,5,Thursday,2014/5/29,15,7.1,0.2,5.1
2014,5,Friday,2014/5/30,17.2,3.8,0,9
2014,5,Saturday,2014/5/31,18.4,8.1,0,5.8
2014,6,Sunday,2014/6/1,14.3,11.4,2.8,3.2
2014,6,Monday,2014/6/2,15,8.1,5.6,4.8
2014,6,Tuesday,2014/6/3,16.3,10,2.6,5.2
2014,6,Wednesday,2014/6/4,17.9,8.2,0,7
2014,6,Thursday,2014/6/5,14.9,10.5,3.4,7.1
2014,6,Friday,2014/6/6,14.9,5.9,0,6.2
2014,6,Saturday,2014/6/7,15.7,7.5,0.2,5.2
2014,6,Sunday,2014/6/8,13.5,9,0.8,7
2014,6,Monday,2014/6/9,14.2,3,0,8.6
2014,6,Tuesday,2014/6/10,18.1,6.3,0,8.4
2014,6,Wednesday,2014/6/11,16.2,6.4,0,6.6
2014,6,Thursday,2014/6/12,15,9.5,0,3.9
2014,6,Friday,2014/6/13,16.6,11.1,3.4,7.8
2014,6,Saturday,2014/6/14,14.6,8.6,0,3.7
2014,6,Sunday,2014/6/15,14.3,7.6,5.8,7.1
2014,6,Monday,2014/6/16,15.8,8.3,0.4,4.3
2014,6,Tuesday,2014/6/17,15.1,8.7,1.8,5.7
2014,6,Wednesday,2014/6/18,13.1,9.7,0,5.1
2014,6,Thursday,2014/6/19,11.1,5.4,0,6.1
2014,6,Friday,2014/6/20,14.7,8.1,0,6.4
2014,6,Saturday,2014/6/21,14.8,10,0.2,6.5
2014,6,Sunday,2014/6/22,14.5,7.7,0,6.2
2014,6,Monday,2014/6/23,14.6,10.7,0,5.4
2014,6,Tuesday,2014/6/24,13.6,4.1,2.8,6
2014,6,Wednesday,2014/6/25,15.3,7.3,7,6
2014,6,Thursday,2014/6/26,15.4,10.3,0.2,6.6
2014,6,Friday,2014/6/27,14.1,6.4,0,5.7
2014,6,Saturday,2014/6/28,11.9,8.5,0,5.7
2014,6,Sunday,2014/6/29,11.7,7.5,1.6,4.9
2014,6,Monday,2014/6/30,12.3,4.8,5.8,5.9
2014,7,Tuesday,2014/7/1,12,7.4,0.4,4
2014,7,Wednesday,2014/7/2,15.8,9.7,0,7.7
2014,7,Thursday,2014/7/3,11.7,5.4,0,8.9
2014,7,Friday,2014/7/4,10.8,6.5,0,8.2
2014,7,Saturday,2014/7/5,14.5,7.5,0,5.7
2014,7,Sunday,2014/7/6,13.2,9.1,0,6.2
2014,7,Monday,2014/7/7,15.3,3.1,0.2,8.6
2014,7,Tuesday,2014/7/8,13.6,8,0,8.2
2014,7,Wednesday,2014/7/9,10.6,7.6,0.2,3.9
2014,7,Thursday,2014/7/10,13.5,4.2,8,5.7
2014,7,Friday,2014/7/11,14.4,5.2,0,8.6
2014,7,Saturday,2014/7/12,10.3,5.1,3.8,8
2014,7,Sunday,2014/7/13,13.1,3.2,1.4,8.4
2014,7,Monday,2014/7/14,12.4,6.6,0.4,6.2
2014,7,Tuesday,2014/7/15,11.7,6.8,0,3
2014,7,Wednesday,2014/7/16,13.8,8.8,0.4,8.6
2014,7,Thursday,2014/7/17,11.7,6.9,0,8.6
2014,7,Friday,2014/7/18,11.4,4.5,4,8.2
2014,7,Saturday,2014/7/19,11.7,5.9,1.2,5.1
2014,7,Sunday,2014/7/20,12.8,6.8,0,6.8
2014,7,Monday,2014/7/21,13.4,4,0,8.6
2014,7,Tuesday,2014/7/22,10.1,2.8,0,5.9
2014,7,Wednesday,2014/7/23,12.4,-0.4,0,8.7
2014,7,Thursday,2014/7/24,13.8,3.3,0,6
2014,7,Friday,2014/7/25,15.9,7.1,0,8.3
2014,7,Saturday,2014/7/26,14.3,10.2,0,3.5
2014,7,Sunday,2014/7/27,16.4,5.4,0.6,9.2
2014,7,Monday,2014/7/28,16.2,7.5,0,10.5
2014,7,Tuesday,2014/7/29,15.7,9.1,0,5.7
2014,7,Wednesday,2014/7/30,18,10.2,0,8.5
2014,7,Thursday,2014/7/31,18.6,12.2,0,9.6
2014,8,Friday,2014/8/1,10.2,3.7,6.8,7.7
2014,8,Saturday,2014/8/2,12.3,2.6,6,10.4
2014,8,Sunday,2014/8/3,13.8,0,0,11.6
2014,8,Monday,2014/8/4,14.1,1.4,0,11.7
2014,8,Tuesday,2014/8/5,15.8,4.5,0,8.4
2014,8,Wednesday,2014/8/6,15.3,8.7,0,7.4
2014,8,Thursday,2014/8/7,12.8,6.9,0.8,5.7
2014,8,Friday,2014/8/8,15.3,9.9,0.6,7.1
2014,8,Saturday,2014/8/9,13.1,6,0,6.4
2014,8,Sunday,2014/8/10,11.5,7.8,0.4,10.1
2014,8,Monday,2014/8/11,11.1,3.1,5.6,10.8
2014,8,Tuesday,2014/8/12,11.5,3.3,2.4,8.3
2014,8,Wednesday,2014/8/13,13.5,6.4,0,9.8
2014,8,Thursday,2014/8/14,14.5,8,0.4,9.3
2014,8,Friday,2014/8/15,16.7,2.4,0,13
2014,8,Saturday,2014/8/16,12.9,2.6,0,9.8
2014,8,Sunday,2014/8/17,13.7,6.5,0,8.2
2014,8,Monday,2014/8/18,12.7,8.2,0,5.4
2014,8,Tuesday,2014/8/19,11.8,9.3,3.8,6.2
2014,8,Wednesday,2014/8/20,12.4,8,0,6.8
2014,8,Thursday,2014/8/21,17,5.5,0,10.6
2014,8,Friday,2014/8/22,19.1,5.8,0,13.8
2014,8,Saturday,2014/8/23,19.6,4.9,0,14
2014,8,Sunday,2014/8/24,15.5,7.7,0.6,8.1
2014,8,Monday,2014/8/25,15.1,9.3,0.6,8.1
2014,8,Tuesday,2014/8/26,17.7,7.5,2.8,13.8
2014,8,Wednesday,2014/8/27,18.9,5.1,0,14.7
2014,8,Thursday,2014/8/28,20.3,2.3,0.2,14.6
2014,8,Friday,2014/8/29,14.7,3.4,0.2,7.7
2014,8,Saturday,2014/8/30,20.8,8.2,0,15.4
2014,8,Sunday,2014/8/31,20.9,9.9,0,14.6
2014,9,Monday,2014/9/1,14.1,12.4,0,2.7
2014,9,Tuesday,2014/9/2,13.8,6.7,9.4,11.4
2014,9,Wednesday,2014/9/3,13.1,4.4,1.6,11.4
2014,9,Thursday,2014/9/4,14.6,1.7,0,13
2014,9,Friday,2014/9/5,15.2,3.3,0,16.3
2014,9,Saturday,2014/9/6,20.1,6,0,16.4
2014,9,Sunday,2014/9/7,19.8,4.7,0,17.1
2014,9,Monday,2014/9/8,21.2,8.2,0,14.5
2014,9,Tuesday,2014/9/9,19.6,13.6,0,10.3
2014,9,Wednesday,2014/9/10,18.6,7.4,13.2,14.6
2014,9,Thursday,2014/9/11,15.4,9.6,3.8,14.4
2014,9,Friday,2014/9/12,14.1,4.1,0,9.4
2014,9,Saturday,2014/9/13,18.2,2.3,0,17.8
2014,9,Sunday,2014/9/14,19.6,4.7,0,17
2014,9,Monday,2014/9/15,18.1,6.4,0.4,8.2
2014,9,Tuesday,2014/9/16,13.9,9.8,0,3
2014,9,Wednesday,2014/9/17,14.2,6.6,2,14.1
2014,9,Thursday,2014/9/18,13.5,5.3,0.6,12.4
2014,9,Friday,2014/9/19,15.7,4.3,0,14.9
2014,9,Saturday,2014/9/20,15.7,6.9,0,14.9
2014,9,Sunday,2014/9/21,16.2,6.5,0,19.1
2014,9,Monday,2014/9/22,22.6,3.5,0,20.4
2014,9,Tuesday,2014/9/23,25,7.6,0,19
2014,9,Wednesday,2014/9/24,23.3,13.9,0,11.3
2014,9,Thursday,2014/9/25,15,12.9,16.2,7.5
2014,9,Friday,2014/9/26,17.1,7.4,0,12.4
2014,9,Saturday,2014/9/27,22.7,7.5,0,18.8
2014,9,Sunday,2014/9/28,27.2,14,0,19.5
2014,9,Monday,2014/9/29,22,11.5,0,19.6
2014,9,Tuesday,2014/9/30,24.4,9.2,0,15.1
2014,10,Wednesday,2014/10/1,15.6,5.3,4.4,16
2014,10,Thursday,2014/10/2,18,6,0,9.6
2014,10,Friday,2014/10/3,18.7,9,0,15.5
2014,10,Saturday,2014/10/4,25.8,7.3,0,21.2
2014,10,Sunday,2014/10/5,18.4,12.6,0,20.3
2014,10,Monday,2014/10/6,25.5,6.6,0,3.9
2014,10,Tuesday,2014/10/7,16.8,9.7,1.8,14.7
2014,10,Wednesday,2014/10/8,19.8,6.5,0.2,11.5
2014,10,Thursday,2014/10/9,23.5,7.4,0.2,21
2014,10,Friday,2014/10/10,23.5,12.5,0,10
2014,10,Saturday,2014/10/11,21.4,10.7,0,19.2
2014,10,Sunday,2014/10/12,31.3,6.9,0,21.7
2014,10,Monday,2014/10/13,15.6,8.4,2.2,14.1
2014,10,Tuesday,2014/10/14,15.6,7.5,7.6,16.3
2014,10,Wednesday,2014/10/15,15.7,4.3,0,12.9
2014,10,Thursday,2014/10/16,15.9,7.7,0,9
2014,10,Friday,2014/10/17,18,6.4,1.4,24.8
2014,10,Saturday,2014/10/18,24.8,4.5,0,18.6
2014,10,Sunday,2014/10/19,28.2,16.6,0,18
2014,10,Monday,2014/10/20,19.8,9.2,0,26.7
2014,10,Tuesday,2014/10/21,27.6,5,0,25.7
2014,10,Wednesday,2014/10/22,31.3,14.2,0,23.1
2014,10,Thursday,2014/10/23,20.2,13.7,0,9.8
2014,10,Friday,2014/10/24,31.4,13.1,0,23.8
2014,10,Saturday,2014/10/25,20.7,12.8,0,17.5
2014,10,Sunday,2014/10/26,25.2,11.5,0,20.3
2014,10,Monday,2014/10/27,18.5,12.5,17.2,17.6
2014,10,Tuesday,2014/10/28,20,7.4,0.8,13.2
2014,10,Wednesday,2014/10/29,23,7.7,0.6,22.1
2014,10,Thursday,2014/10/30,22.5,10.8,0,25.4
2014,10,Friday,2014/10/31,32.6,7.9,0,23
2014,11,Saturday,2014/11/1,16.9,11.7,7,17.8
2014,11,Sunday,2014/11/2,16.9,6.8,0.2,17.4
2014,11,Monday,2014/11/3,24.7,6.1,0,25.9
2014,11,Tuesday,2014/11/4,29.3,10.4,0,16.6
2014,11,Wednesday,2014/11/5,18.2,10.9,0,25.7
2014,11,Thursday,2014/11/6,23.4,7.3,0,28.1
2014,11,Friday,2014/11/7,32.3,9,0,28.6
2014,11,Saturday,2014/11/8,36.3,16.8,0,26.8
2014,11,Sunday,2014/11/9,19.9,11.3,0.4,29.6
2014,11,Monday,2014/11/10,20.5,8.3,0,21.4
2014,11,Tuesday,2014/11/11,18.3,9.3,0,25.1
2014,11,Wednesday,2014/11/12,27.4,5,0,28.3
2014,11,Thursday,2014/11/13,33.4,9.5,0,21.5
2014,11,Friday,2014/11/14,20.3,18.4,0,9.1
2014,11,Saturday,2014/11/15,17.1,10.9,0,10.8
2014,11,Sunday,2014/11/16,20.2,10.1,36.8,13.7
2014,11,Monday,2014/11/17,21.2,10.3,0.4,21.3
2014,11,Tuesday,2014/11/18,20.2,7.3,0.4,23
2014,11,Wednesday,2014/11/19,29,9.6,0,28.9
2014,11,Thursday,2014/11/20,31.2,15.6,0,3.1
2014,11,Friday,2014/11/21,23.5,14.8,0,26.7
2014,11,Saturday,2014/11/22,30.7,9.6,0,11.9
2014,11,Sunday,2014/11/23,25.7,14.8,0,26.5
2014,11,Monday,2014/11/24,20.1,12.1,0,2.3
2014,11,Tuesday,2014/11/25,21.6,8.5,4.8,25.4
2014,11,Wednesday,2014/11/26,17.9,8.5,0,8.7
2014,11,Thursday,2014/11/27,18.8,12,0.2,28.9
2014,11,Friday,2014/11/28,21.2,10.2,0,29.3
2014,11,Saturday,2014/11/29,26.6,9.5,0,29.5
2014,11,Sunday,2014/11/30,35,14.2,0,28.9
2014,12,Monday,2014/12/1,28.7,20.5,0,21.6
2014,12,Tuesday,2014/12/2,27.2,14.7,0.6,31.1
2014,12,Wednesday,2014/12/3,22.5,15.2,0.2,6.8
2014,12,Thursday,2014/12/4,26.8,16,11.2,29.2
2014,12,Friday,2014/12/5,20,16.8,0,5.4
2014,12,Saturday,2014/12/6,22,14.8,5,11
2014,12,Sunday,2014/12/7,17.3,13.2,14.8,7.2
2014,12,Monday,2014/12/8,20.1,13.5,0.6,15.4
2014,12,Tuesday,2014/12/9,21.5,13.8,0,29.9
2014,12,Wednesday,2014/12/10,20.3,10.7,0,9.3
2014,12,Thursday,2014/12/11,20.7,15,1.4,20.7
2014,12,Friday,2014/12/12,25.8,13.7,0.4,33.2
2014,12,Saturday,2014/12/13,30.7,11.3,0,33
2014,12,Sunday,2014/12/14,26.9,19.8,0,27.8
2014,12,Monday,2014/12/15,25.1,13.5,0,30
2014,12,Tuesday,2014/12/16,33.6,13.3,0,30.3
2014,12,Wednesday,2014/12/17,22.5,8.5,0,29.8
2014,12,Thursday,2014/12/18,24.4,9.2,0,18.7
2014,12,Friday,2014/12/19,19.7,9,2.2,22.4
2014,12,Saturday,2014/12/20,24.5,8.6,0,32.7
2014,12,Sunday,2014/12/21,33.3,10.6,0,28
2014,12,Monday,2014/12/22,25.4,15.8,0,17.8
2014,12,Tuesday,2014/12/23,28.7,18.6,0.6,9.9
2014,12,Wednesday,2014/12/24,21.9,10.2,2,32.2
2014,12,Thursday,2014/12/25,25.9,10.5,0,33.1
2014,12,Friday,2014/12/26,19.9,8.7,1.2,27.1
2014,12,Saturday,2014/12/27,23.3,7.5,0,34.1
2014,12,Sunday,2014/12/28,33.4,10.7,0,32
2014,12,Monday,2014/12/29,28.6,13.6,0,17.6
2014,12,Tuesday,2014/12/30,24.2,10.2,1.2,24.8
2014,12,Wednesday,2014/12/31,26.3,7.9,0,32.6
2015,1,Thursday,2015/1/1,28.2,10.8,0,24.5
2015,1,Friday,2015/1/2,40.5,13.2,0,29.4
2015,1,Saturday,2015/1/3,39.4,22.6,0,26.1
2015,1,Sunday,2015/1/4,23.3,15,3.2,22.4
2015,1,Monday,2015/1/5,24.6,11.3,0,30.2
2015,1,Tuesday,2015/1/6,30,13.8,0,31.6
2015,1,Wednesday,2015/1/7,40.3,16.3,0,26.6
2015,1,Thursday,2015/1/8,29.9,21,1.8,8.9
2015,1,Friday,2015/1/9,16.7,16.3,2.8,3
2015,1,Saturday,2015/1/10,21.1,12.8,10.8,6.6
2015,1,Sunday,2015/1/11,28.1,14.4,0,18.9
2015,1,Monday,2015/1/12,31.2,14.6,0,31.8
2015,1,Tuesday,2015/1/13,25.5,19.7,0,5
2015,1,Wednesday,2015/1/14,22.6,17.1,11,14.7
2015,1,Thursday,2015/1/15,20.5,14.4,0,12.3
2015,1,Friday,2015/1/16,27.7,9.6,0,31.1
2015,1,Saturday,2015/1/17,25.9,13.2,0.2,30.2
2015,1,Sunday,2015/1/18,20.1,11.6,0,18.6
2015,1,Monday,2015/1/19,22.7,13.3,0,29.9
2015,1,Tuesday,2015/1/20,30.1,10.1,0,17.3
2015,1,Wednesday,2015/1/21,33.7,17.8,0,25.1
2015,1,Thursday,2015/1/22,36,16.7,0,24.3
2015,1,Friday,2015/1/23,27.8,18.9,0,29.9
2015,1,Saturday,2015/1/24,29.6,11.9,0,30.8
2015,1,Sunday,2015/1/25,23,13.6,0.2,24.2
2015,1,Monday,2015/1/26,21.5,7.5,0,23
2015,1,Tuesday,2015/1/27,20.5,11,0,15
2015,1,Wednesday,2015/1/28,25.5,11.2,0,25.1
2015,1,Thursday,2015/1/29,22.8,10.4,0,27.5
2015,1,Friday,2015/1/30,21.9,11.4,0,26.7
2015,1,Saturday,2015/1/31,23,12,0,21
2015,2,Sunday,2015/2/1,18.7,12.2,0.8,8.8
2015,2,Monday,2015/2/2,23.6,13.5,1.4,20.6
2015,2,Tuesday,2015/2/3,22.7,14.8,0,27
2015,2,Wednesday,2015/2/4,20.2,13.5,0,18.8
2015,2,Thursday,2015/2/5,26.5,10.1,0.4,29.2
2015,2,Friday,2015/2/6,36.8,12.9,0,24.4
2015,2,Saturday,2015/2/7,36,19.8,0,16.8
2015,2,Sunday,2015/2/8,23.5,18.8,0,14.7
2015,2,Monday,2015/2/9,27.6,12.7,0,29
2015,2,Tuesday,2015/2/10,31.1,14.9,0,27.9
2015,2,Wednesday,2015/2/11,35.4,15.9,0,25.1
2015,2,Thursday,2015/2/12,25.3,17.3,0,21.7
2015,2,Friday,2015/2/13,32.9,13.3,0,13.6
2015,2,Saturday,2015/2/14,26.9,18,21.4,20.1
2015,2,Sunday,2015/2/15,34.7,14.6,0.2,25.8
2015,2,Monday,2015/2/16,25.6,15.6,0,27
2015,2,Tuesday,2015/2/17,20.7,17,0,6.3
2015,2,Wednesday,2015/2/18,21.6,15.8,0,10.6
2015,2,Thursday,2015/2/19,31,16.6,0.2,25
2015,2,Friday,2015/2/20,26.6,15.1,0,25.3
2015,2,Saturday,2015/2/21,37.7,17.1,0,21.5
2015,2,Sunday,2015/2/22,37,20.8,0,13.7
2015,2,Monday,2015/2/23,29.5,19.1,0,5
2015,2,Tuesday,2015/2/24,20.5,14.8,14.4,19.4
2015,2,Wednesday,2015/2/25,27.6,13.5,0,23.7
2015,2,Thursday,2015/2/26,25.3,15.7,0,20.2
2015,2,Friday,2015/2/27,26.1,13.3,0,21.1
2015,2,Saturday,2015/2/28,33,16.7,0,7.4
2015,3,Sunday,2015/3/1,21.6,13.1,16.8,21
2015,3,Monday,2015/3/2,24.1,8.7,0,21.5
2015,3,Tuesday,2015/3/3,23,12.5,0,20
2015,3,Wednesday,2015/3/4,25,12.9,0,23.4
2015,3,Thursday,2015/3/5,20.3,9.2,0.4,19.9
2015,3,Friday,2015/3/6,20.8,12,0,8
2015,3,Saturday,2015/3/7,24.5,12.4,1.2,12.8
2015,3,Sunday,2015/3/8,26.6,14.5,0,19.8
2015,3,Monday,2015/3/9,24.4,12.2,0,18.3
2015,3,Tuesday,2015/3/10,23.3,14.3,0,21.9
2015,3,Wednesday,2015/3/11,26.6,9.3,0,22.6
2015,3,Thursday,2015/3/12,20.8,11,0,16.1
2015,3,Friday,2015/3/13,20.5,13.7,0,21.3
2015,3,Saturday,2015/3/14,30.3,7.9,0,20.2
2015,3,Sunday,2015/3/15,18.5,13.4,1.2,16.8
2015,3,Monday,2015/3/16,25.1,8.2,0,13.1
2015,3,Tuesday,2015/3/17,27.4,12.8,0,3.7
2015,3,Wednesday,2015/3/18,26.3,15.1,1.8,10.6
2015,3,Thursday,2015/3/19,34.1,14.1,0,15.9
2015,3,Friday,2015/3/20,20.9,10.3,0.2,17.6
2015,3,Saturday,2015/3/21,22.1,8.9,0,20.8
2015,3,Sunday,2015/3/22,29.3,8.1,0,19.6
2015,3,Monday,2015/3/23,27.3,15.8,0,3.9
2015,3,Tuesday,2015/3/24,15.4,12,0.4,6.5
2015,3,Wednesday,2015/3/25,21.9,10.9,0,13.1
2015,3,Thursday,2015/3/26,19.9,6.8,0.2,10.7
2015,3,Friday,2015/3/27,18.9,11.2,0,11
2015,3,Saturday,2015/3/28,20,8,0,14.7
2015,3,Sunday,2015/3/29,24.9,7.3,0,18.2
2015,3,Monday,2015/3/30,24.9,8.5,0,17.9
2015,3,Tuesday,2015/3/31,27.8,9.1,0,18
2015,4,Wednesday,2015/4/1,30.8,14,0,12.4
2015,4,Thursday,2015/4/2,17.9,10.2,0.6,15.5
2015,4,Friday,2015/4/3,19.8,5.4,0,17.3
2015,4,Saturday,2015/4/4,24.8,7.5,0,15.3
2015,4,Sunday,2015/4/5,20.6,6.2,0,11
2015,4,Monday,2015/4/6,17.7,7.5,0,10.5
2015,4,Tuesday,2015/4/7,16.9,9,0,4.3
2015,4,Wednesday,2015/4/8,17.9,10,10.2,10.1
2015,4,Thursday,2015/4/9,19,7,0,11.1
2015,4,Friday,2015/4/10,19.5,7,0,15.9
2015,4,Saturday,2015/4/11,24.7,9.9,0,14.9
2015,4,Sunday,2015/4/12,18.8,13.6,0,11.7
2015,4,Monday,2015/4/13,21.6,4.8,0,14.3
2015,4,Tuesday,2015/4/14,24.9,10.8,1.4,7.2
2015,4,Wednesday,2015/4/15,27.3,15.2,1.8,13.8
2015,4,Thursday,2015/4/16,18.4,14.2,0,9
2015,4,Friday,2015/4/17,16.1,8,0,6.6
2015,4,Saturday,2015/4/18,21.8,11.9,2.6,10.3
2015,4,Sunday,2015/4/19,14.2,7.5,4.6,10.4
2015,4,Monday,2015/4/20,15.8,4.7,1.2,12.1
2015,4,Tuesday,2015/4/21,17.6,3.9,0,12.4
2015,4,Wednesday,2015/4/22,18.5,6.9,0,6.9
2015,4,Thursday,2015/4/23,17.3,11.3,0,5.9
2015,4,Friday,2015/4/24,21.1,11.8,0.2,7.9
2015,4,Saturday,2015/4/25,13.9,10.2,4.2,4.8
2015,4,Sunday,2015/4/26,16.2,9.1,6.8,8.5
2015,4,Monday,2015/4/27,15.9,9.5,0.2,7.3
2015,4,Tuesday,2015/4/28,16,7.9,1.2,7.3
2015,4,Wednesday,2015/4/29,17.1,5.6,0.2,12.4
2015,4,Thursday,2015/4/30,19.3,5.4,0,12.5
2015,5,Friday,2015/5/1,22.5,4.9,0,12.4
2015,5,Saturday,2015/5/2,22.5,11.6,0,6.9
2015,5,Sunday,2015/5/3,18.6,7.5,0,10.6
2015,5,Monday,2015/5/4,22.5,6,0,11.7
2015,5,Tuesday,2015/5/5,16.8,11.5,3.4,8
2015,5,Wednesday,2015/5/6,16.3,8.1,0.4,7.3
2015,5,Thursday,2015/5/7,15,7.9,0.4,8.4
2015,5,Friday,2015/5/8,16.2,8.2,1,6.4
2015,5,Saturday,2015/5/9,18.9,11.2,0,9.2
2015,5,Sunday,2015/5/10,15.7,11.8,5.6,7.2
2015,5,Monday,2015/5/11,15.4,10.2,3.2,7.7
2015,5,Tuesday,2015/5/12,16.4,11.6,0.2,6.2
2015,5,Wednesday,2015/5/13,12.4,5.3,1,9.1
2015,5,Thursday,2015/5/14,15.4,6.4,1,5.4
2015,5,Friday,2015/5/15,13.7,10.4,3.6,6.2
2015,5,Saturday,2015/5/16,18.3,10.1,0,10.3
2015,5,Sunday,2015/5/17,19.7,5.9,0,10.5
2015,5,Monday,2015/5/18,20,5.5,0,10.4
2015,5,Tuesday,2015/5/19,15.4,11.1,0.2,3.7
2015,5,Wednesday,2015/5/20,18.2,11.2,2,8.5
2015,5,Thursday,2015/5/21,12,8.5,2.4,3.8
2015,5,Friday,2015/5/22,13.7,8.3,1,6.1
2015,5,Saturday,2015/5/23,13.2,9.1,0,9.4
2015,5,Sunday,2015/5/24,17,3.4,0,8.7
2015,5,Monday,2015/5/25,16.3,3.3,0,7.1
2015,5,Tuesday,2015/5/26,15.4,4.5,0,6.2
2015,5,Wednesday,2015/5/27,17.7,8.8,0,6.8
2015,5,Thursday,2015/5/28,19.5,11.5,0,8.8
2015,5,Friday,2015/5/29,16,6,0,6.9
2015,5,Saturday,2015/5/30,16.5,6.9,0,9.1
2015,5,Sunday,2015/5/31,16.5,8.7,0,5.3
2015,6,Monday,2015/6/1,11.1,2.9,5.4,8.4
2015,6,Tuesday,2015/6/2,10.6,4.5,1,5.2
2015,6,Wednesday,2015/6/3,12.2,6.3,0.6,6
2015,6,Thursday,2015/6/4,9.9,4,0,4.5
2015,6,Friday,2015/6/5,13.8,6.4,4.2,6
2015,6,Saturday,2015/6/6,16.6,8.4,0,8.6
2015,6,Sunday,2015/6/7,13,10.1,0,5.7
2015,6,Monday,2015/6/8,17.3,9.2,0,8.4
2015,6,Tuesday,2015/6/9,13.5,7.2,2.8,6.7
2015,6,Wednesday,2015/6/10,12.5,5.1,0,5.4
2015,6,Thursday,2015/6/11,13.4,2.9,0,8.6
2015,6,Friday,2015/6/12,13.1,1.9,0,7.1
2015,6,Saturday,2015/6/13,17.5,5.4,0,8.1
2015,6,Sunday,2015/6/14,17.6,5.2,0,7.6
2015,6,Monday,2015/6/15,17.1,5.5,0,7
2015,6,Tuesday,2015/6/16,15.4,7.8,6.8,3.4
2015,6,Wednesday,2015/6/17,14,10.5,0,4.4
2015,6,Thursday,2015/6/18,11.4,9.6,1.2,4.3
2015,6,Friday,2015/6/19,11.4,4.6,0.2,7.1
2015,6,Saturday,2015/6/20,11.1,3.2,0.2,6.2
2015,6,Sunday,2015/6/21,11.9,1,0.4,8.7
2015,6,Monday,2015/6/22,12.4,1.9,0,6.5
2015,6,Tuesday,2015/6/23,17.1,7.3,0,5.8
2015,6,Wednesday,2015/6/24,16.3,7.6,0.6,7.4
2015,6,Thursday,2015/6/25,14.1,6.9,0,5.8
2015,6,Friday,2015/6/26,15.8,8.4,0,7.3
2015,6,Saturday,2015/6/27,13.7,3.7,0,4.7
2015,6,Sunday,2015/6/28,14.5,7.2,0,5.5
2015,6,Monday,2015/6/29,13,4.2,0,6.2
2015,6,Tuesday,2015/6/30,13.2,3.2,0,7
2015,7,Wednesday,2015/7/1,14.5,4.9,0,7.4
2015,7,Thursday,2015/7/2,11.9,8,1.2,7.7
2015,7,Friday,2015/7/3,10.9,2.5,0,6.2
2015,7,Saturday,2015/7/4,10.1,5.9,0,2.8
2015,7,Sunday,2015/7/5,15.4,7,2.8,7.5
2015,7,Monday,2015/7/6,11.4,6.5,1.8,4.9
2015,7,Tuesday,2015/7/7,13.8,6.7,1.4,6.8
2015,7,Wednesday,2015/7/8,14.3,1.8,0,7.8
2015,7,Thursday,2015/7/9,12.2,7.2,0,3.6
2015,7,Friday,2015/7/10,13.4,5.9,0,5.1
2015,7,Saturday,2015/7/11,13,9.2,1.6,4.4
2015,7,Sunday,2015/7/12,10.8,1.1,2.4,3
2015,7,Monday,2015/7/13,12,5.4,26.2,4.8
2015,7,Tuesday,2015/7/14,9.6,6.5,1.8,5.1
2015,7,Wednesday,2015/7/15,9.3,2.4,6.8,6.2
2015,7,Thursday,2015/7/16,12,4.8,0,8
2015,7,Friday,2015/7/17,11.9,5.6,1,6.4
2015,7,Saturday,2015/7/18,11.1,3.5,4,8
2015,7,Sunday,2015/7/19,13.1,0,0,9
2015,7,Monday,2015/7/20,13.8,-1,0,9.9
2015,7,Tuesday,2015/7/21,15.5,4.9,0,8.6
2015,7,Wednesday,2015/7/22,15.7,10.2,3.8,6.5
2015,7,Thursday,2015/7/23,14.6,5.1,0,9.3
2015,7,Friday,2015/7/24,14.4,6,1.2,5.9
2015,7,Saturday,2015/7/25,12.5,6.4,3.8,7.2
2015,7,Sunday,2015/7/26,10.9,5.9,2.2,9.5
2015,7,Monday,2015/7/27,13.1,4.2,0.6,9.3
2015,7,Tuesday,2015/7/28,15.1,6.3,0,8.8
2015,7,Wednesday,2015/7/29,13.6,5.2,0,8.4
2015,7,Thursday,2015/7/30,11.4,6.6,0,4.1
2015,7,Friday,2015/7/31,13.8,2.1,1,10.7
2015,8,Saturday,2015/8/1,11.1,7.2,0.4,5
2015,8,Sunday,2015/8/2,14.1,5.3,0,9
2015,8,Monday,2015/8/3,10.4,5.9,2.6,9.1
2015,8,Tuesday,2015/8/4,10.9,1.9,0,8.2
2015,8,Wednesday,2015/8/5,11.3,6.3,1,9.1
2015,8,Thursday,2015/8/6,13.5,4.1,0.2,7.2
2015,8,Friday,2015/8/7,12.5,6,0.6,7.3
2015,8,Saturday,2015/8/8,12,8.1,0.4,6.3
2015,8,Sunday,2015/8/9,12.1,6.6,0,6.9
2015,8,Monday,2015/8/10,15.1,7.6,0.6,11.6
2015,8,Tuesday,2015/8/11,13.9,5.7,0.2,10.9
2015,8,Wednesday,2015/8/12,12.7,7,0,8.2
2015,8,Thursday,2015/8/13,12.9,6.4,1.6,7.6
2015,8,Friday,2015/8/14,15.6,8.2,0,8.9
2015,8,Saturday,2015/8/15,14.8,9.2,0.6,10.1
2015,8,Sunday,2015/8/16,16.7,4,0,11.3
2015,8,Monday,2015/8/17,11.9,7.4,2.8,10.5
2015,8,Tuesday,2015/8/18,9.8,3.5,0,7.4
2015,8,Wednesday,2015/8/19,13.1,5.2,0.2,9.7
2015,8,Thursday,2015/8/20,16,3.8,0,12.3
2015,8,Friday,2015/8/21,17.3,9.8,0,3.7
2015,8,Saturday,2015/8/22,19.1,10.2,0,11.7
2015,8,Sunday,2015/8/23,16.5,4.7,0,11.6
2015,8,Monday,2015/8/24,13.5,6.5,0,9
2015,8,Tuesday,2015/8/25,13.5,8.4,0,6.9
2015,8,Wednesday,2015/8/26,15.4,6.7,0,9.8
2015,8,Thursday,2015/8/27,11.3,8.2,1.4,3.7
2015,8,Friday,2015/8/28,12.8,6.4,2.6,8.7
2015,8,Saturday,2015/8/29,10.8,3.2,1.8,8.7
2015,8,Sunday,2015/8/30,11.7,6.6,2.4,8.1
2015,8,Monday,2015/8/31,13.1,6.4,0,11.6
2015,9,Tuesday,2015/9/1,16.4,1.2,0,16
2015,9,Wednesday,2015/9/2,18.3,8.1,0,7.6
2015,9,Thursday,2015/9/3,13.9,9.3,3.8,8.4
2015,9,Friday,2015/9/4,13.5,4,0,10.7
2015,9,Saturday,2015/9/5,14.1,8,0,10.6
2015,9,Sunday,2015/9/6,15.4,3.6,0,11.4
2015,9,Monday,2015/9/7,13.2,7.5,5.2,10
2015,9,Tuesday,2015/9/8,13.2,7.7,1,11.6
2015,9,Wednesday,2015/9/9,14.9,8.9,0.6,10.2
2015,9,Thursday,2015/9/10,16.2,7.5,0,11.1
2015,9,Friday,2015/9/11,19.7,3.6,0,18
2015,9,Saturday,2015/9/12,21.5,11.1,0,11
2015,9,Sunday,2015/9/13,24.9,13.8,0,17.8
2015,9,Monday,2015/9/14,25.7,14.7,0,18.1
2015,9,Tuesday,2015/9/15,16.5,9.7,13.2,15.6
2015,9,Wednesday,2015/9/16,15.2,5.4,0,12.7
2015,9,Thursday,2015/9/17,15,6.5,0.6,10.4
2015,9,Friday,2015/9/18,14.5,8.4,0.4,11
2015,9,Saturday,2015/9/19,20.9,4.4,0,17
2015,9,Sunday,2015/9/20,22.7,6.3,0,17.8
2015,9,Monday,2015/9/21,17.5,12.5,0,9.2
2015,9,Tuesday,2015/9/22,12.6,5.6,0.8,15.6
2015,9,Wednesday,2015/9/23,12.6,4.3,2.2,20
2015,9,Thursday,2015/9/24,15.3,3.6,0,16.7
2015,9,Friday,2015/9/25,17.9,1.6,0,20.5
2015,9,Saturday,2015/9/26,19.6,4.4,0,20.7
2015,9,Sunday,2015/9/27,20.8,3.5,0,19.5
2015,9,Monday,2015/9/28,22.4,5.2,0,15.1
2015,9,Tuesday,2015/9/29,17.5,4.2,0,15.4
2015,9,Wednesday,2015/9/30,16.9,9.5,0,15.7
2015,10,Thursday,2015/10/1,23.3,3.7,0,21.8
2015,10,Friday,2015/10/2,28.5,7.3,0,21.9
2015,10,Saturday,2015/10/3,31,16.7,0,21.6
2015,10,Sunday,2015/10/4,28.2,14,0,22.5
2015,10,Monday,2015/10/5,34.6,10.8,0,22.1
2015,10,Tuesday,2015/10/6,35.9,19,0,21.2
2015,10,Wednesday,2015/10/7,16.9,8.2,0,23
2015,10,Thursday,2015/10/8,22.5,8,0,23.5
2015,10,Friday,2015/10/9,29.5,9.1,0,20.2
2015,10,Saturday,2015/10/10,30.2,17.2,0,15.2
2015,10,Sunday,2015/10/11,26.8,17.4,2.4,12.7
2015,10,Monday,2015/10/12,15.4,10.2,1.4,9.8
2015,10,Tuesday,2015/10/13,19.5,4.3,0,24.7
2015,10,Wednesday,2015/10/14,28.8,6.5,0,24.6
2015,10,Thursday,2015/10/15,34.1,16.1,0,22.1
2015,10,Friday,2015/10/16,26.6,15.3,0,8.3
2015,10,Saturday,2015/10/17,22.3,9.4,0.4,21.5
2015,10,Sunday,2015/10/18,20.1,9.3,0,22.2
2015,10,Monday,2015/10/19,28.1,5.7,0,26.1
2015,10,Tuesday,2015/10/20,32.4,9.9,0,15.7
2015,10,Wednesday,2015/10/21,18.2,16.4,2.6,5.2
2015,10,Thursday,2015/10/22,15.9,9.6,6.2,7.3
2015,10,Friday,2015/10/23,16.8,10,0.2,18.2
2015,10,Saturday,2015/10/24,22,5.9,0,24.4
2015,10,Sunday,2015/10/25,32.8,7.6,0,19.1
2015,10,Monday,2015/10/26,17.4,12.9,0,13.5
2015,10,Tuesday,2015/10/27,23.7,8.8,0.4,28.2
2015,10,Wednesday,2015/10/28,27.3,7.7,0,27.9
2015,10,Thursday,2015/10/29,27.3,9.8,0,26.8
2015,10,Friday,2015/10/30,27.9,10.3,0,25.4
2015,10,Saturday,2015/10/31,25.9,14,3,14.1
2015,11,Sunday,2015/11/1,27,15,4.8,13.9
2015,11,Monday,2015/11/2,15.5,12.5,0.2,7.1
2015,11,Tuesday,2015/11/3,19,8.3,1,23.4
2015,11,Wednesday,2015/11/4,28,8.9,0,18.8
2015,11,Thursday,2015/11/5,24.7,15.5,17.8,17.3
2015,11,Friday,2015/11/6,19.6,14.5,24.6,9
2015,11,Saturday,2015/11/7,17.7,10.2,0,22.5
2015,11,Sunday,2015/11/8,25.5,6.1,0,25.7
2015,11,Monday,2015/11/9,34.2,13.1,0,26.1
2015,11,Tuesday,2015/11/10,15.9,14,0,6.4
2015,11,Wednesday,2015/11/11,18.9,10.5,1.8,12.5
2015,11,Thursday,2015/11/12,24.4,12.2,0,26
2015,11,Friday,2015/11/13,19.2,11.8,0.2,23.1
2015,11,Saturday,2015/11/14,19.4,8.3,0,21.8
2015,11,Sunday,2015/11/15,19.7,11.1,0.2,25.8
2015,11,Monday,2015/11/16,27.6,10.6,0,28.5
2015,11,Tuesday,2015/11/17,33.9,14,0,26
2015,11,Wednesday,2015/11/18,29.3,9.5,0,29.2
2015,11,Thursday,2015/11/19,32.7,15.6,0.2,20.5
2015,11,Friday,2015/11/20,19.3,13.8,0.2,7.3
2015,11,Saturday,2015/11/21,18.4,10,2.8,24.4
2015,11,Sunday,2015/11/22,21.2,12.2,0,29
2015,11,Monday,2015/11/23,22.3,11.7,0,21.6
2015,11,Tuesday,2015/11/24,27.3,9.7,0,31.1
2015,11,Wednesday,2015/11/25,34.6,10.6,0,10.7
2015,11,Thursday,2015/11/26,17.8,9.7,0,26
2015,11,Friday,2015/11/27,18.2,5.1,0.4,18.1
2015,11,Saturday,2015/11/28,21.7,8.8,0,30.9
2015,11,Sunday,2015/11/29,21.2,11.6,0,19.1
2015,11,Monday,2015/11/30,33,8.3,0,29.6
2015,12,Tuesday,2015/12/1,25,13.2,1.6,22
2015,12,Wednesday,2015/12/2,19.6,6.8,0,28.7
2015,12,Thursday,2015/12/3,22.6,7.6,0,32.3
2015,12,Friday,2015/12/4,32.1,8.6,0,32.4
2015,12,Saturday,2015/12/5,28.5,12.2,0,28.8
2015,12,Sunday,2015/12/6,29.9,12.4,0,17.2
2015,12,Monday,2015/12/7,27.4,17.3,0,6
2015,12,Tuesday,2015/12/8,37,19.8,1.4,23.9
2015,12,Wednesday,2015/12/9,28.2,13,0,30.8
2015,12,Thursday,2015/12/10,26.3,10.5,0,31.3
2015,12,Friday,2015/12/11,19.8,10.8,0,15.4
2015,12,Saturday,2015/12/12,19.2,7.1,0.6,28.8
2015,12,Sunday,2015/12/13,29.8,8.1,0,30.8
2015,12,Monday,2015/12/14,25.9,10.4,0,31.6
2015,12,Tuesday,2015/12/15,28.2,11.8,0,30.5
2015,12,Wednesday,2015/12/16,29.7,16,0,31.7
2015,12,Thursday,2015/12/17,36.8,14.7,0,33.4
2015,12,Friday,2015/12/18,40.9,18.6,0,25.4
2015,12,Saturday,2015/12/19,43.1,17.9,0,21.9
2015,12,Sunday,2015/12/20,39.7,25.1,0.6,15.8
2015,12,Monday,2015/12/21,20.9,13.3,2.2,22.7
2015,12,Tuesday,2015/12/22,25.7,10,0,29.8
2015,12,Wednesday,2015/12/23,28.7,13.7,0,32.1
2015,12,Thursday,2015/12/24,35,14.4,0,32.9
2015,12,Friday,2015/12/25,35.4,21.4,0,33.3
2015,12,Saturday,2015/12/26,21.2,11.9,37.2,19.2
2015,12,Sunday,2015/12/27,20.5,9,1.2,27.9
2015,12,Monday,2015/12/28,22.9,10.6,0,33.5
2015,12,Tuesday,2015/12/29,27.2,11.1,0,33.6
2015,12,Wednesday,2015/12/30,35.2,11.4,0,31.9
2015,12,Thursday,2015/12/31,39.6,21.9,0,29.1
2016,1,Friday,2016/1/1,28.7,20.2,0,20
2016,1,Saturday,2016/1/2,27.5,15.7,0,23.1
2016,1,Sunday,2016/1/3,28.2,16.2,0,20.9
2016,1,Monday,2016/1/4,24.5,14.3,0,11.4
2016,1,Tuesday,2016/1/5,25.6,14.1,0.2,16.6
2016,1,Wednesday,2016/1/6,25.3,15.5,0,18.1
2016,1,Thursday,2016/1/7,23.4,14.6,0,26.8
2016,1,Friday,2016/1/8,22.8,13.4,0,27.5
2016,1,Saturday,2016/1/9,24.1,16.1,0,25.7
2016,1,Sunday,2016/1/10,32.1,15.7,0,30.8
2016,1,Monday,2016/1/11,38.3,16.7,0,16.6
2016,1,Tuesday,2016/1/12,30.3,15.1,0.4,29.5
2016,1,Wednesday,2016/1/13,43.6,15.3,0,26.6
2016,1,Thursday,2016/1/14,18,16.5,0.8,4.2
2016,1,Friday,2016/1/15,19.7,11.4,1.4,17.9
2016,1,Saturday,2016/1/16,25,8.7,0.6,32.8
2016,1,Sunday,2016/1/17,32.8,12.4,0,31.6
2016,1,Monday,2016/1/18,36.5,20.6,0,30.8
2016,1,Tuesday,2016/1/19,33.5,13.3,0,25.4
2016,1,Wednesday,2016/1/20,31,17.5,1.8,16.2
2016,1,Thursday,2016/1/21,27.5,18.2,0.8,13
2016,1,Friday,2016/1/22,23.7,16.5,0.6,6.5
2016,1,Saturday,2016/1/23,22.6,16.2,5.4,15.9
2016,1,Sunday,2016/1/24,23.7,14.7,0,14.8
2016,1,Monday,2016/1/25,22.3,15.3,1.4,24
2016,1,Tuesday,2016/1/26,29.6,14.8,0,27.3
2016,1,Wednesday,2016/1/27,28.9,17.8,0,21
2016,1,Thursday,2016/1/28,30.7,20.9,0.2,12.1
2016,1,Friday,2016/1/29,19.1,13,14.6,10.5
2016,1,Saturday,2016/1/30,22.8,11,7.8,17.6
2016,1,Sunday,2016/1/31,20.6,14.5,8.8,17.9
2016,2,Monday,2016/2/1,25,9.8,0.6,29.8
2016,2,Tuesday,2016/2/2,32.4,14.8,0,24.4
2016,2,Wednesday,2016/2/3,21.3,17,0.2,9.1
2016,2,Thursday,2016/2/4,21.3,16.2,1.6,14.2
2016,2,Friday,2016/2/5,28.8,13.5,0,29.3
2016,2,Saturday,2016/2/6,32.5,13.5,0,29
2016,2,Sunday,2016/2/7,31.7,17.2,0,28.3
2016,2,Monday,2016/2/8,24.3,15.9,0,23.2
2016,2,Tuesday,2016/2/9,26.1,16.8,0,29
2016,2,Wednesday,2016/2/10,25.1,15.5,0,25.2
2016,2,Thursday,2016/2/11,25.7,17.2,0,26.9
2016,2,Friday,2016/2/12,28.1,14.6,0,26.9
2016,2,Saturday,2016/2/13,37.5,16.4,0,21.6
2016,2,Sunday,2016/2/14,26.7,12.5,0.4,24
2016,2,Monday,2016/2/15,27.7,11.6,0,26
2016,2,Tuesday,2016/2/16,18.8,13.4,0.8,13.1
2016,2,Wednesday,2016/2/17,23.6,12.8,0,14.7
2016,2,Thursday,2016/2/18,22.9,14.4,0.2,12.5
2016,2,Friday,2016/2/19,23,14.2,0,10.7
2016,2,Saturday,2016/2/20,22.3,13.8,0,22.3
2016,2,Sunday,2016/2/21,28.1,10,0,26.4
2016,2,Monday,2016/2/22,30.6,13.6,0,10.6
2016,2,Tuesday,2016/2/23,41.4,18.3,0,19.8
2016,2,Wednesday,2016/2/24,29.6,23,0.2,15.9
2016,2,Thursday,2016/2/25,29.9,18.6,0.4,15.3
2016,2,Friday,2016/2/26,25.1,12,0,17
2016,2,Saturday,2016/2/27,24.2,16.5,0,15.6
2016,2,Sunday,2016/2/28,23.9,15.7,0,22.4
2016,2,Monday,2016/2/29,25.1,14,0,18
2016,3,Tuesday,2016/3/1,34.5,13,0,23.4
2016,3,Wednesday,2016/3/2,37.3,17.2,0,22.8
2016,3,Thursday,2016/3/3,26.4,16.4,0,17.8
2016,3,Friday,2016/3/4,39.2,14.8,0,19
2016,3,Saturday,2016/3/5,24.5,19,0,13.5
2016,3,Sunday,2016/3/6,28.8,15,0,21
2016,3,Monday,2016/3/7,23.9,17.9,0,5.8
2016,3,Tuesday,2016/3/8,40.2,18.7,0,21.5
2016,3,Wednesday,2016/3/9,30.7,21.4,0,10.3
2016,3,Thursday,2016/3/10,20.2,17.8,2.4,4.4
2016,3,Friday,2016/3/11,28.3,17.8,9.8,18.6
2016,3,Saturday,2016/3/12,21.7,18.4,0,6.9
2016,3,Sunday,2016/3/13,24.1,16.9,1,12.6
2016,3,Monday,2016/3/14,20.1,16.6,0,7.8
2016,3,Tuesday,2016/3/15,27.8,13,0,19.5
2016,3,Wednesday,2016/3/16,31.7,13.4,0,18.9
2016,3,Thursday,2016/3/17,33.2,16.5,0,19.4
2016,3,Friday,2016/3/18,20.4,13.7,8.2,11.4
2016,3,Saturday,2016/3/19,19.4,10.8,3,11.1
2016,3,Sunday,2016/3/20,22,10.4,1.2,20.1
2016,3,Monday,2016/3/21,22.7,8.7,0,19.9
2016,3,Tuesday,2016/3/22,25.9,9.5,0,21.6
2016,3,Wednesday,2016/3/23,29.4,12.6,0,14.3
2016,3,Thursday,2016/3/24,21.1,16.6,0.6,6.7
2016,3,Friday,2016/3/25,21.9,12.9,0.2,14.4
2016,3,Saturday,2016/3/26,20.3,11,0,5.3
2016,3,Sunday,2016/3/27,19.5,12.9,0.8,11.6
2016,3,Monday,2016/3/28,19.7,7,0,10.5
2016,3,Tuesday,2016/3/29,18,12.5,0,6.8
2016,3,Wednesday,2016/3/30,18.3,13.4,0,7
2016,3,Thursday,2016/3/31,24.3,7,0,17.1
2016,4,Friday,2016/4/1,27,12,0,15.3
2016,4,Saturday,2016/4/2,20.9,15.1,0,8.5
2016,4,Sunday,2016/4/3,19.8,8.3,0,15.6
2016,4,Monday,2016/4/4,23.8,7.7,0,18.7
2016,4,Tuesday,2016/4/5,29.2,10.5,0,16.2
2016,4,Wednesday,2016/4/6,15.4,12.4,8,4.6
2016,4,Thursday,2016/4/7,18.6,7.4,3.4,11.9
2016,4,Friday,2016/4/8,20.1,10.2,0,10.7
2016,4,Saturday,2016/4/9,22.7,9.1,0,10.7
2016,4,Sunday,2016/4/10,23.5,11.5,0,13.6
2016,4,Monday,2016/4/11,20.7,13.8,0,9.1
2016,4,Tuesday,2016/4/12,19.4,12.6,0,11.8
2016,4,Wednesday,2016/4/13,19.7,11.8,0,12.7
2016,4,Thursday,2016/4/14,28,9.8,0,13.4
2016,4,Friday,2016/4/15,28.7,11.5,0,16.6
2016,4,Saturday,2016/4/16,20.7,12.4,0,8.3
2016,4,Sunday,2016/4/17,19.3,12,1.4,14.8
2016,4,Monday,2016/4/18,25.5,8,0,15.4
2016,4,Tuesday,2016/4/19,27.6,12.3,0,14.7
2016,4,Wednesday,2016/4/20,28.7,15.5,0,14.6
2016,4,Thursday,2016/4/21,24.8,19.8,0,4.9
2016,4,Friday,2016/4/22,16.5,13.1,17.8,9.6
2016,4,Saturday,2016/4/23,18.3,10.5,0.2,8.1
2016,4,Sunday,2016/4/24,21.1,7.9,0.2,15.2
2016,4,Monday,2016/4/25,25,8.8,0,15.2
2016,4,Tuesday,2016/4/26,25.7,9,0,15.1
2016,4,Wednesday,2016/4/27,23.8,13.7,0,10.6
2016,4,Thursday,2016/4/28,23.6,18,0,5.1
2016,4,Friday,2016/4/29,19.1,15.8,0.8,3.7
2016,4,Saturday,2016/4/30,23.4,15.1,4.6,11.8
2016,5,Sunday,2016/5/1,16.6,13.6,6.6,10.5
2016,5,Monday,2016/5/2,17.6,7.3,0,12.9
2016,5,Tuesday,2016/5/3,19.6,10.9,0,8.2
2016,5,Wednesday,2016/5/4,17.2,6.8,0.8,12.5
2016,5,Thursday,2016/5/5,21,10.6,0,13.1
2016,5,Friday,2016/5/6,25.1,13.7,0,13.8
2016,5,Saturday,2016/5/7,25.5,9.2,0,11.5
2016,5,Sunday,2016/5/8,19.1,14.4,4,3.5
2016,5,Monday,2016/5/9,21.3,14.9,1.6,9.3
2016,5,Tuesday,2016/5/10,16.6,12,10.6,7.9
2016,5,Wednesday,2016/5/11,16.8,10.5,0,5.3
2016,5,Thursday,2016/5/12,21.7,12.7,0,9.6
2016,5,Friday,2016/5/13,21.5,13.3,0,11.5
2016,5,Saturday,2016/5/14,21.1,12.5,0,13.1
2016,5,Sunday,2016/5/15,21.3,12.9,0,10.8
2016,5,Monday,2016/5/16,18.7,6.3,0,8.3
2016,5,Tuesday,2016/5/17,17.5,11.1,0.4,6.1
2016,5,Wednesday,2016/5/18,19.2,11.6,0,8.8
2016,5,Thursday,2016/5/19,17.7,12.3,0,5.1
2016,5,Friday,2016/5/20,17.4,9.1,1,7.9
2016,5,Saturday,2016/5/21,18.3,6.3,0,9.4
2016,5,Sunday,2016/5/22,20.7,10,0,7.8
2016,5,Monday,2016/5/23,16.3,11,0.8,8.9
2016,5,Tuesday,2016/5/24,15.9,8.3,1.6,8.9
2016,5,Wednesday,2016/5/25,15.8,7.2,0,5.3
2016,5,Thursday,2016/5/26,11.1,9.3,11.4,2.8
2016,5,Friday,2016/5/27,14.6,6.1,6.4,9.1
2016,5,Saturday,2016/5/28,13.4,3.1,0.4,7.6
2016,5,Sunday,2016/5/29,12.7,8.6,1.4,6.8
2016,5,Monday,2016/5/30,13.9,3.9,0,9.7
2016,5,Tuesday,2016/5/31,16.6,1,0,9.7
2016,6,Wednesday,2016/6/1,16,3.8,0,9.4
2016,6,Thursday,2016/6/2,13.2,2.4,0,9.6
2016,6,Friday,2016/6/3,14,6.2,0,8.3
2016,6,Saturday,2016/6/4,14.3,8.4,5.4,3.9
2016,6,Sunday,2016/6/5,14,10.3,4,3.5
2016,6,Monday,2016/6/6,13.2,6.6,5,7.2
2016,6,Tuesday,2016/6/7,14.2,8.2,0,5
2016,6,Wednesday,2016/6/8,13.5,7.2,1.6,4.7
2016,6,Thursday,2016/6/9,17.3,9.8,1,7.8
2016,6,Friday,2016/6/10,15.1,7.3,0.4,8.2
2016,6,Saturday,2016/6/11,12.7,6,5.4,5.8
2016,6,Sunday,2016/6/12,13.4,4.1,0.4,7.9
2016,6,Monday,2016/6/13,12.8,3.4,0,9.3
2016,6,Tuesday,2016/6/14,14.5,6.8,0,8.7
2016,6,Wednesday,2016/6/15,17.5,6.2,0,9.2
2016,6,Thursday,2016/6/16,13.3,6.9,0,4.6
2016,6,Friday,2016/6/17,14.4,8.3,3.2,3.8
2016,6,Saturday,2016/6/18,11.7,9.3,16.6,4.3
2016,6,Sunday,2016/6/19,12.4,5.2,0.2,6.9
2016,6,Monday,2016/6/20,12.4,8.9,7,3.4
2016,6,Tuesday,2016/6/21,14.1,7.8,5.2,7
2016,6,Wednesday,2016/6/22,14.9,8.4,0.2,6.7
2016,6,Thursday,2016/6/23,13.5,8.9,0,5.8
2016,6,Friday,2016/6/24,9.6,4.6,10.4,6.8
2016,6,Saturday,2016/6/25,11.9,1.7,0,8.1
2016,6,Sunday,2016/6/26,10.2,2.2,0,8.3
2016,6,Monday,2016/6/27,10.4,4.9,0.2,4.9
2016,6,Tuesday,2016/6/28,15.9,4.8,0.2,8.3
2016,6,Wednesday,2016/6/29,15,7.2,0,9.4
2016,6,Thursday,2016/6/30,10.3,8.3,0,4.4
2016,7,Friday,2016/7/1,13.1,5.7,3.6,8
2016,7,Saturday,2016/7/2,15.1,9.1,0,7.3
2016,7,Sunday,2016/7/3,16.2,8.6,0,9.1
2016,7,Monday,2016/7/4,11.6,9.3,0,2.2
2016,7,Tuesday,2016/7/5,11.9,6.8,2,2.6
2016,7,Wednesday,2016/7/6,11.8,8,24,3.5
2016,7,Thursday,2016/7/7,12.2,9.7,10.6,4.5
2016,7,Friday,2016/7/8,15.5,7.3,0.6,8.2
2016,7,Saturday,2016/7/9,14.6,4.2,0,9.5
2016,7,Sunday,2016/7/10,12.4,5.6,0,3.7
2016,7,Monday,2016/7/11,14.7,10.4,3,6.4
2016,7,Tuesday,2016/7/12,12.7,9.7,0,8.8
2016,7,Wednesday,2016/7/13,10.8,3.1,0.8,9.5
2016,7,Thursday,2016/7/14,12.7,4.1,0,5.7
2016,7,Friday,2016/7/15,12.9,6.4,0,7.3
2016,7,Saturday,2016/7/16,14,4.1,0,10.2
2016,7,Sunday,2016/7/17,15.1,2.1,0,10.3
2016,7,Monday,2016/7/18,18.7,9,0,9.3
2016,7,Tuesday,2016/7/19,15.2,10.9,0,5.3
2016,7,Wednesday,2016/7/20,15.1,7.9,1,9
2016,7,Thursday,2016/7/21,17.5,5.6,2.6,9.1
2016,7,Friday,2016/7/22,17.3,11.8,8.4,6.6
2016,7,Saturday,2016/7/23,10.6,6,1.2,9.5
2016,7,Sunday,2016/7/24,11.4,2.2,0.4,10.5
2016,7,Monday,2016/7/25,13.5,4.9,0,9.4
2016,7,Tuesday,2016/7/26,10.2,4.4,2.6,8.1
2016,7,Wednesday,2016/7/27,11.7,6.4,0.2,6.7
2016,7,Thursday,2016/7/28,15.3,4.8,0,6.8
2016,7,Friday,2016/7/29,14.2,7.7,0,6.4
2016,7,Saturday,2016/7/30,13.7,7.3,2.2,7.7
2016,7,Sunday,2016/7/31,16.1,8.7,0.2,11.3
2016,8,Monday,2016/8/1,13.2,10.3,2.6,4.6
2016,8,Tuesday,2016/8/2,12.3,4.6,9.2,9.5
2016,8,Wednesday,2016/8/3,12.4,6.8,2.4,8.3
2016,8,Thursday,2016/8/4,13.4,3.2,0.4,10.3
2016,8,Friday,2016/8/5,15,2.5,0,9
2016,8,Saturday,2016/8/6,13.5,3.6,0,7.1
2016,8,Sunday,2016/8/7,15.6,5.8,0,11.4
2016,8,Monday,2016/8/8,13.1,3.7,0,9.1
2016,8,Tuesday,2016/8/9,16.8,8.9,0,9.3
2016,8,Wednesday,2016/8/10,14.8,7.3,0.6,12
2016,8,Thursday,2016/8/11,14.1,4,3.8,12.1
2016,8,Friday,2016/8/12,13.8,4.8,0,10.8
2016,8,Saturday,2016/8/13,14.7,5.5,0.6,10.4
2016,8,Sunday,2016/8/14,16.8,6.6,0,9.6
2016,8,Monday,2016/8/15,17.3,7,0,13.5
2016,8,Tuesday,2016/8/16,18,8.6,0,13.4
2016,8,Wednesday,2016/8/17,15,10.8,0.4,8.5
2016,8,Thursday,2016/8/18,20.1,4.9,0,12.8
2016,8,Friday,2016/8/19,15.8,13.5,0,3.6
2016,8,Saturday,2016/8/20,12.6,4.9,6,11.6
2016,8,Sunday,2016/8/21,14.1,8.2,0.4,8.8
2016,8,Monday,2016/8/22,16.4,8.6,1.8,8.8
2016,8,Tuesday,2016/8/23,13.7,5.5,2,13.8
2016,8,Wednesday,2016/8/24,13.2,1.6,0.2,12
2016,8,Thursday,2016/8/25,12.9,4.5,0,11.7
2016,8,Friday,2016/8/26,13,4.5,0.2,9.1
2016,8,Saturday,2016/8/27,15.4,4.8,0,13.6
2016,8,Sunday,2016/8/28,18.5,8.1,0,12.5
2016,8,Monday,2016/8/29,18.6,7.3,0,13.4
2016,8,Tuesday,2016/8/30,16.9,8,0,4.2
2016,8,Wednesday,2016/8/31,19.5,11.4,0,13
2016,9,Thursday,2016/9/1,15,9.1,1,7.1
2016,9,Friday,2016/9/2,13.5,8.9,4.4,8.5
2016,9,Saturday,2016/9/3,14.4,8.1,1.2,9.5
2016,9,Sunday,2016/9/4,16.5,6.8,0.2,12.3
2016,9,Monday,2016/9/5,18,10,0,14.4
2016,9,Tuesday,2016/9/6,20.7,8.6,0,14.9
2016,9,Wednesday,2016/9/7,20.3,7.1,0,16
2016,9,Thursday,2016/9/8,22.4,12.3,0,15.9
2016,9,Friday,2016/9/9,15.4,14.2,1.4,4.5
2016,9,Saturday,2016/9/10,13.8,9.2,13.4,8.4
2016,9,Sunday,2016/9/11,16.6,6.6,1.2,13.8
2016,9,Monday,2016/9/12,13.7,8.7,1.6,7.1
2016,9,Tuesday,2016/9/13,13.1,8.9,12.4,4.1
2016,9,Wednesday,2016/9/14,15,9.6,20.4,12.9
2016,9,Thursday,2016/9/15,14.2,6.7,3.2,9.1
2016,9,Friday,2016/9/16,15.7,7.1,1.6,12.4
2016,9,Saturday,2016/9/17,19,9.3,0,18.7
2016,9,Sunday,2016/9/18,11.7,9.3,0.4,6
2016,9,Monday,2016/9/19,15.3,5.1,2.8,16.7
2016,9,Tuesday,2016/9/20,18.7,6.5,0,19.1
2016,9,Wednesday,2016/9/21,15.7,9.6,3,8.8
2016,9,Thursday,2016/9/22,12.3,8.3,2.2,6.7
2016,9,Friday,2016/9/23,18,7,0.2,16
2016,9,Saturday,2016/9/24,19.4,7.1,0,17.3
2016,9,Sunday,2016/9/25,15.3,6.5,11.6,17.1
2016,9,Monday,2016/9/26,16.7,7,0.4,10.6
2016,9,Tuesday,2016/9/27,15.5,4.4,9,16.2
2016,9,Wednesday,2016/9/28,17.8,6.8,2,19.3
2016,9,Thursday,2016/9/29,16.2,11.5,4.4,16.7
2016,9,Friday,2016/9/30,15.2,6.3,1.8,12.2
2016,10,Saturday,2016/10/1,17.7,8.9,2,12.9
2016,10,Sunday,2016/10/2,22.1,10.3,0,18.2
2016,10,Monday,2016/10/3,15.6,8.1,11.4,17.3
2016,10,Tuesday,2016/10/4,16.6,9.4,0.4,11.9
2016,10,Wednesday,2016/10/5,16,5.9,2.8,6.9
2016,10,Thursday,2016/10/6,25,8.3,0.2,22.6
2016,10,Friday,2016/10/7,20.9,14.4,0,4.7
2016,10,Saturday,2016/10/8,16.7,5.9,0.2,22.5
2016,10,Sunday,2016/10/9,20.3,6.7,0,13.8
2016,10,Monday,2016/10/10,16,10.9,0.6,16.5
2016,10,Tuesday,2016/10/11,14.9,5.2,3.8,18.5
2016,10,Wednesday,2016/10/12,16.1,7.9,0.2,14.1
2016,10,Thursday,2016/10/13,14.8,4,3.2,23.4
2016,10,Friday,2016/10/14,21.7,2.2,0,24.5
2016,10,Saturday,2016/10/15,23.6,9.1,0,20.5
2016,10,Sunday,2016/10/16,21.4,14.1,0,10
2016,10,Monday,2016/10/17,18.4,6.2,7.6,17.9
2016,10,Tuesday,2016/10/18,16.1,9.5,0.6,15
2016,10,Wednesday,2016/10/19,15.9,3.2,3.4,20.5
2016,10,Thursday,2016/10/20,21.1,5.9,0,25.5
2016,10,Friday,2016/10/21,16.3,12.3,0,4.4
2016,10,Saturday,2016/10/22,11.9,4.7,13.2,9.3
2016,10,Sunday,2016/10/23,13.2,5.7,24.8,16.6
2016,10,Monday,2016/10/24,17.8,8.2,0.6,21.1
2016,10,Tuesday,2016/10/25,24.1,8.4,0,22
2016,10,Wednesday,2016/10/26,19.3,14,0,9.4
2016,10,Thursday,2016/10/27,15.7,7.3,1.8,23.7
2016,10,Friday,2016/10/28,17.4,3.4,0,26.7
2016,10,Saturday,2016/10/29,24.4,6.9,0,26
2016,10,Sunday,2016/10/30,26,11.6,0,20.3
2016,10,Monday,2016/10/31,17.1,6.1,0.6,18.4
2016,11,Tuesday,2016/11/1,18.7,5.5,0.2,18.8
2016,11,Wednesday,2016/11/2,18.8,5.1,1.4,14.3
2016,11,Thursday,2016/11/3,21.5,6.8,0,27.5
2016,11,Friday,2016/11/4,28.3,7.4,0,26.1
2016,11,Saturday,2016/11/5,16.5,8.6,0,14
2016,11,Sunday,2016/11/6,21.7,10.4,0,25.4
2016,11,Monday,2016/11/7,25.4,13.6,0,17.5
2016,11,Tuesday,2016/11/8,18.5,8,0.6,28.7
2016,11,Wednesday,2016/11/9,18.6,7.8,0,18.4
2016,11,Thursday,2016/11/10,18.1,8.4,0,18.4
2016,11,Friday,2016/11/11,21.9,5,0,28.6
2016,11,Saturday,2016/11/12,24.3,11.3,3.8,16.7
2016,11,Sunday,2016/11/13,19.1,10.4,2.2,13.1
2016,11,Monday,2016/11/14,16.6,9.5,11.2,13.9
2016,11,Tuesday,2016/11/15,18.9,8.6,0,13.8
2016,11,Wednesday,2016/11/16,21.6,8.3,0,24.8
2016,11,Thursday,2016/11/17,30.9,10.2,0,27.5
2016,11,Friday,2016/11/18,20.1,13.8,0,15
2016,11,Saturday,2016/11/19,22.1,10.1,0,29.8
2016,11,Sunday,2016/11/20,33.8,9.6,0,25
2016,11,Monday,2016/11/21,34.3,16.9,0,17.6
2016,11,Tuesday,2016/11/22,13.9,13.3,8.2,2
2016,11,Wednesday,2016/11/23,16.4,10.4,8,13
2016,11,Thursday,2016/11/24,18.1,7.5,3.2,14.7
2016,11,Friday,2016/11/25,17.8,8.6,0,12.8
2016,11,Saturday,2016/11/26,18.9,8.9,0,15.4
2016,11,Sunday,2016/11/27,18.5,10.8,0,14.4
2016,11,Monday,2016/11/28,21.1,12.1,1,25.2
2016,11,Tuesday,2016/11/29,22.4,9.6,0,29.9
2016,11,Wednesday,2016/11/30,20.4,10.1,0,15.2
2016,12,Thursday,2016/12/1,24.6,9.1,0,26.4
2016,12,Friday,2016/12/2,22.7,10.8,0,25.3
2016,12,Saturday,2016/12/3,23.2,6.5,0,30.8
2016,12,Sunday,2016/12/4,31.7,9.1,0,13.5
2016,12,Monday,2016/12/5,22.1,15.7,1,21.7
2016,12,Tuesday,2016/12/6,21.2,11.4,0,21.4
2016,12,Wednesday,2016/12/7,28.4,7.1,0,30.7
2016,12,Thursday,2016/12/8,23.4,15.1,3.2,17
2016,12,Friday,2016/12/9,18.3,8.2,2.2,14.9
2016,12,Saturday,2016/12/10,19.3,10.9,0,27.7
2016,12,Sunday,2016/12/11,20.9,11.7,1.4,23.9
2016,12,Monday,2016/12/12,33,7.8,0,28.9
2016,12,Tuesday,2016/12/13,35.9,16.4,0,11.4
2016,12,Wednesday,2016/12/14,19.9,14.5,0,17.1
2016,12,Thursday,2016/12/15,19.7,9,0,29.3
2016,12,Friday,2016/12/16,24.1,7.9,0,13.9
2016,12,Saturday,2016/12/17,21.5,12.6,0,24.4
2016,12,Sunday,2016/12/18,18.6,6.7,0,29.5
2016,12,Monday,2016/12/19,30.9,5.5,0,27.4
2016,12,Tuesday,2016/12/20,23.2,13.8,2.4,25.6
2016,12,Wednesday,2016/12/21,20.4,9.6,0,20.3
2016,12,Thursday,2016/12/22,22,13.8,0,29.4
2016,12,Friday,2016/12/23,32,11.7,0,28.7
2016,12,Saturday,2016/12/24,34.9,14.6,1.4,28.8
2016,12,Sunday,2016/12/25,36.6,13.5,0,30.6
2016,12,Monday,2016/12/26,30,25.5,0,8.5
2016,12,Tuesday,2016/12/27,28,16.7,1.6,8.1
2016,12,Wednesday,2016/12/28,38.2,18.7,1.4,16.2
2016,12,Thursday,2016/12/29,34.7,24.9,0,16.2
2016,12,Friday,2016/12/30,31.2,19.2,62.8,28.7
2016,12,Saturday,2016/12/31,25.2,16,0,30.1
2017,1,Sunday,2017/1/1,21.8,15.6,0.4,9.9
2017,1,Monday,2017/1/2,19.3,12.9,2,12.7
2017,1,Tuesday,2017/1/3,21.2,13.3,0.6,25.4
2017,1,Wednesday,2017/1/4,30.2,14.7,0,30.8
2017,1,Thursday,2017/1/5,33.8,17.3,0,25.9
2017,1,Friday,2017/1/6,34.4,16.2,0,30.6
2017,1,Saturday,2017/1/7,36.8,18.5,0,27.7
2017,1,Sunday,2017/1/8,34.7,26,0,25.5
2017,1,Monday,2017/1/9,24,17.3,0,10.3
2017,1,Tuesday,2017/1/10,29.6,16.5,0,28.5
2017,1,Wednesday,2017/1/11,26.9,14.4,0,26
2017,1,Thursday,2017/1/12,29,11.2,0,31.4
2017,1,Friday,2017/1/13,29.9,16.7,1,3.2
2017,1,Saturday,2017/1/14,24.3,11.7,4,19.2
2017,1,Sunday,2017/1/15,22.6,11,0,28.2
2017,1,Monday,2017/1/16,33.4,11.9,0,30.8
2017,1,Tuesday,2017/1/17,38.3,16.7,0,26.6
2017,1,Wednesday,2017/1/18,21.2,13.9,0.4,25
2017,1,Thursday,2017/1/19,25.8,8.9,0,30.4
2017,1,Friday,2017/1/20,21,15.1,16.6,10.7
2017,1,Saturday,2017/1/21,22.2,13.3,0,24.1
2017,1,Sunday,2017/1/22,30.1,10.9,0,30.4
2017,1,Monday,2017/1/23,37.4,16.7,0,19.2
2017,1,Tuesday,2017/1/24,23.8,17.5,0.6,26.7
2017,1,Wednesday,2017/1/25,23.3,10,0,29.9
2017,1,Thursday,2017/1/26,21.5,13.2,0,17.3
2017,1,Friday,2017/1/27,25.7,15.9,0,29
2017,1,Saturday,2017/1/28,31.3,12.5,0,29.3
2017,1,Sunday,2017/1/29,28.9,14,0,29.4
2017,1,Monday,2017/1/30,30.7,16.4,0,1.7
2017,1,Tuesday,2017/1/31,22.6,15.4,0,28.2
2017,2,Wednesday,2017/2/1,21,11.4,0,11.6
2017,2,Thursday,2017/2/2,26.4,10.1,0,26.3
2017,2,Friday,2017/2/3,28.4,12.7,0,28.4
2017,2,Saturday,2017/2/4,36.5,11.6,0,27.4
2017,2,Sunday,2017/2/5,30.9,17,0,5.6
2017,2,Monday,2017/2/6,17.2,14.1,25.6,3.5
2017,2,Tuesday,2017/2/7,26.7,14.2,0,27.7
2017,2,Wednesday,2017/2/8,35.5,14.3,0,27.8
2017,2,Thursday,2017/2/9,37.4,22.6,0,16.1
2017,2,Friday,2017/2/10,31.2,16.8,0,22.6
2017,2,Saturday,2017/2/11,27.2,16.5,0,22.7
2017,2,Sunday,2017/2/12,20.7,13.3,1,11.3
2017,2,Monday,2017/2/13,21.3,12,0,12.1
2017,2,Tuesday,2017/2/14,20.3,13.2,0.4,15.8
2017,2,Wednesday,2017/2/15,31.8,7.8,0,25.2
2017,2,Thursday,2017/2/16,25.2,16.4,0,22.8
2017,2,Friday,2017/2/17,25.6,11.3,0,23.5
2017,2,Saturday,2017/2/18,19.3,9.9,0,15.1
2017,2,Sunday,2017/2/19,17.5,8.1,0,12.8
2017,2,Monday,2017/2/20,22.2,9.2,4.8,16.9
2017,2,Tuesday,2017/2/21,25.1,7.4,0,25.5
2017,2,Wednesday,2017/2/22,34,9.6,0,24
2017,2,Thursday,2017/2/23,26.8,12.5,0,23.3
2017,2,Friday,2017/2/24,20.9,14.9,0,13.2
2017,2,Saturday,2017/2/25,21.2,13.1,0.6,23.5
2017,2,Sunday,2017/2/26,30.2,11.5,0,23.7
2017,2,Monday,2017/2/27,32.7,13.4,0,24
2017,2,Tuesday,2017/2/28,33.9,16.3,0,23.7
2017,3,Wednesday,2017/3/1,33.2,14.8,0,23.6
2017,3,Thursday,2017/3/2,26.1,11.9,0,23.1
2017,3,Friday,2017/3/3,27.3,16.7,0,16.7
2017,3,Saturday,2017/3/4,29.7,14.7,0,22.8
2017,3,Sunday,2017/3/5,26,17.9,0,14.3
2017,3,Monday,2017/3/6,27.7,16.8,0,21
2017,3,Tuesday,2017/3/7,27.9,10.7,0,22.4
2017,3,Wednesday,2017/3/8,31.1,11.5,0,21.9
2017,3,Thursday,2017/3/9,32.7,13.4,0,20.8
2017,3,Friday,2017/3/10,26.9,13.2,0,20.3
2017,3,Saturday,2017/3/11,27.9,15.5,0,13.6
2017,3,Sunday,2017/3/12,33.3,16.2,0.6,17.7
2017,3,Monday,2017/3/13,26.6,12.5,0,19.7
2017,3,Tuesday,2017/3/14,32.9,15.5,0,19.1
2017,3,Wednesday,2017/3/15,33.9,19.5,0,19.6
2017,3,Thursday,2017/3/16,23.2,19.9,2.8,7.8
2017,3,Friday,2017/3/17,21.9,13,0,20.1
2017,3,Saturday,2017/3/18,30.7,10.2,0,19.9
2017,3,Sunday,2017/3/19,34.6,15.1,0,19.6
2017,3,Monday,2017/3/20,29.1,18.1,7,13.8
2017,3,Tuesday,2017/3/21,27.7,18.6,6.4,8.5
2017,3,Wednesday,2017/3/22,21,17,5,3.5
2017,3,Thursday,2017/3/23,24.8,14.2,0.4,13.2
2017,3,Friday,2017/3/24,25.3,11.2,0,16.4
2017,3,Saturday,2017/3/25,31.7,15.2,0,13.8
2017,3,Sunday,2017/3/26,26.2,17.1,4.8,12.1
2017,3,Monday,2017/3/27,31.7,18,0,9
2017,3,Tuesday,2017/3/28,24.4,9.9,2.2,18.3
2017,3,Wednesday,2017/3/29,27.6,12.1,0,15.3
2017,3,Thursday,2017/3/30,18.8,7.6,3.2,12.8
2017,3,Friday,2017/3/31,18.7,9.2,1,12.3
2017,4,Saturday,2017/4/1,19,7.5,0,10.5
2017,4,Sunday,2017/4/2,18.4,11.2,0.4,11.3
2017,4,Monday,2017/4/3,21.7,5.5,0,17.2
2017,4,Tuesday,2017/4/4,24.8,6.6,0,15.2
2017,4,Wednesday,2017/4/5,25.9,9.8,0,15.6
2017,4,Thursday,2017/4/6,26,11.8,0,12.7
2017,4,Friday,2017/4/7,26.7,12.5,0,14.6
2017,4,Saturday,2017/4/8,28.8,15.7,0,13.7
2017,4,Sunday,2017/4/9,14.8,10.4,7.2,4.8
2017,4,Monday,2017/4/10,14,9,40.8,3.7
2017,4,Tuesday,2017/4/11,19,10.7,2,12.2
2017,4,Wednesday,2017/4/12,19.5,10.5,0,14.2
2017,4,Thursday,2017/4/13,23.6,8.5,0.2,15.4
2017,4,Friday,2017/4/14,17.6,10.8,0,7.8
2017,4,Saturday,2017/4/15,16.6,8.3,0.2,9
2017,4,Sunday,2017/4/16,21.7,7.9,0,10.6
2017,4,Monday,2017/4/17,17.9,10.7,0,9.7
2017,4,Tuesday,2017/4/18,21.4,9.8,0,14.5
2017,4,Wednesday,2017/4/19,26.3,10,0,13
2017,4,Thursday,2017/4/20,26.3,14.8,0,11.7
2017,4,Friday,2017/4/21,19.1,15.4,7.6,4.4
2017,4,Saturday,2017/4/22,22.1,15.2,7.6,12
2017,4,Sunday,2017/4/23,22,13.2,1.6,10.6
2017,4,Monday,2017/4/24,23.4,14.8,3.8,11.1
2017,4,Tuesday,2017/4/25,18.1,15.8,20.4,6.4
2017,4,Wednesday,2017/4/26,14.2,9.3,8.2,9.7
2017,4,Thursday,2017/4/27,14.4,6.3,3,7.8
2017,4,Friday,2017/4/28,18.6,9.7,0,6.8
2017,4,Saturday,2017/4/29,19.4,12.3,0,8
2017,4,Sunday,2017/4/30,16.1,12.3,0.2,7.4
2017,5,Monday,2017/5/1,18.7,9.3,0,8.1
2017,5,Tuesday,2017/5/2,14.8,6.8,2,9.2
2017,5,Wednesday,2017/5/3,14.9,6.1,2.6,10
2017,5,Thursday,2017/5/4,16.6,3.6,0,12.1
2017,5,Friday,2017/5/5,19.7,4.1,0,11.3
2017,5,Saturday,2017/5/6,19.5,9.2,0,5.9
2017,5,Sunday,2017/5/7,14.5,6.6,0.2,7.2
2017,5,Monday,2017/5/8,15.2,6.7,0,6.9
2017,5,Tuesday,2017/5/9,15.8,9.4,1.4,7.2
2017,5,Wednesday,2017/5/10,17.2,5.9,0,11.4
2017,5,Thursday,2017/5/11,16.6,4.4,0,9.1
2017,5,Friday,2017/5/12,19.2,4.5,0,9.6
2017,5,Saturday,2017/5/13,15.2,7.4,0,9.7
2017,5,Sunday,2017/5/14,13.5,3.9,0,6.5
2017,5,Monday,2017/5/15,15.3,5.9,0,7.8
2017,5,Tuesday,2017/5/16,18.2,3.6,0.2,10.8
2017,5,Wednesday,2017/5/17,15.8,8.6,0.6,4
2017,5,Thursday,2017/5/18,19.7,7.6,0,8.6
2017,5,Friday,2017/5/19,17.2,9.1,0.2,4.7
2017,5,Saturday,2017/5/20,18.5,9.3,4.8,10.1
2017,5,Sunday,2017/5/21,17.5,9.6,0,7.9
2017,5,Monday,2017/5/22,19.1,10.9,0,10.2
2017,5,Tuesday,2017/5/23,18,13.4,0,8.8
2017,5,Wednesday,2017/5/24,17.1,7.9,0,8.7
2017,5,Thursday,2017/5/25,17.4,11.4,0,6.5
2017,5,Friday,2017/5/26,17.4,11.3,0,8.7
2017,5,Saturday,2017/5/27,17.8,10.1,0,8
2017,5,Sunday,2017/5/28,14.1,8.8,5.8,6
2017,5,Monday,2017/5/29,14,4,1,8.6
2017,5,Tuesday,2017/5/30,13.4,8.8,0.6,6.8
2017,5,Wednesday,2017/5/31,12.6,4.4,0,8.6
2017,6,Thursday,2017/6/1,12.8,6.6,0,5.9
2017,6,Friday,2017/6/2,14.4,5,0,7.4
2017,6,Saturday,2017/6/3,14.2,7.3,0,6.9
2017,6,Sunday,2017/6/4,14.9,3.1,0.2,9.5
2017,6,Monday,2017/6/5,17.5,4.9,0,6
2017,6,Tuesday,2017/6/6,12.8,7.2,6.8,6.3
2017,6,Wednesday,2017/6/7,13.5,5.1,1.8,9.2
2017,6,Thursday,2017/6/8,14.7,2.4,0,7.9
2017,6,Friday,2017/6/9,14.2,6.5,4.6,8.3
2017,6,Saturday,2017/6/10,14.5,5.8,0,8.9
2017,6,Sunday,2017/6/11,16.8,3.4,0,8.8
2017,6,Monday,2017/6/12,16.9,6.9,0,6.4
2017,6,Tuesday,2017/6/13,13.7,5.5,0,7.1
2017,6,Wednesday,2017/6/14,16.1,2.1,0,9.2
2017,6,Thursday,2017/6/15,17.1,6.5,0,7.3
2017,6,Friday,2017/6/16,16.6,6.3,0,8.7
2017,6,Saturday,2017/6/17,15.3,4.1,0,9
2017,6,Sunday,2017/6/18,15.9,5.9,0,7.4
2017,6,Monday,2017/6/19,15.7,5.3,0,6.6
2017,6,Tuesday,2017/6/20,15.3,4.9,0,9.2
2017,6,Wednesday,2017/6/21,13.2,7.7,0.2,4.5
2017,6,Thursday,2017/6/22,13,2.4,0,5.4
2017,6,Friday,2017/6/23,13.2,5.5,0,8.5
2017,6,Saturday,2017/6/24,12.6,5.7,1.2,7.8
2017,6,Sunday,2017/6/25,13.9,5.5,0,6.8
2017,6,Monday,2017/6/26,12.8,5.6,0.4,6.3
2017,6,Tuesday,2017/6/27,10.6,5.8,0.4,3.9
2017,6,Wednesday,2017/6/28,13.8,7.2,0,6.3
2017,6,Thursday,2017/6/29,12.2,7.5,0,5.7
2017,6,Friday,2017/6/30,11.7,4.5,0.8,7.2
2017,7,Saturday,2017/7/1,12.6,-0.4,0,9.4
2017,7,Sunday,2017/7/2,12.6,-0.6,0,9.2
2017,7,Monday,2017/7/3,12.9,2.7,0,4
2017,7,Tuesday,2017/7/4,15.9,7.7,4,8.3
2017,7,Wednesday,2017/7/5,14.3,8.7,0.2,7.3
2017,7,Thursday,2017/7/6,14.4,2.6,0,9.2
2017,7,Friday,2017/7/7,12.8,6.6,0,9.6
2017,7,Saturday,2017/7/8,13.9,4,0,6.5
2017,7,Sunday,2017/7/9,14.1,4.8,0,8.8
2017,7,Monday,2017/7/10,16,4.8,0,8
2017,7,Tuesday,2017/7/11,13.8,3.9,1,8.2
2017,7,Wednesday,2017/7/12,14.3,1.6,0,9.7
2017,7,Thursday,2017/7/13,12.6,3.7,0,5.4
2017,7,Friday,2017/7/14,14.9,8.6,0.4,9
2017,7,Saturday,2017/7/15,12.4,1.9,0.2,8.5
2017,7,Sunday,2017/7/16,11.3,2.7,0,8.6
2017,7,Monday,2017/7/17,14.9,5.2,0,5.3
2017,7,Tuesday,2017/7/18,14.2,7.4,0.4,8.1
2017,7,Wednesday,2017/7/19,12.1,6.5,2.8,6.5
2017,7,Thursday,2017/7/20,10.7,4.9,2.8,7.7
2017,7,Friday,2017/7/21,14.1,1.3,1.6,10.6
2017,7,Saturday,2017/7/22,12.1,3.9,0,6.7
2017,7,Sunday,2017/7/23,14.6,6.3,0,6.9
2017,7,Monday,2017/7/24,15.4,4.3,3.8,7.7
2017,7,Tuesday,2017/7/25,16.6,7.9,0,9.8
2017,7,Wednesday,2017/7/26,14.9,8.3,0,8.1
2017,7,Thursday,2017/7/27,12.2,3.6,0,8
2017,7,Friday,2017/7/28,14.7,5.4,0.6,9.2
2017,7,Saturday,2017/7/29,16.1,7.9,0,11.2
2017,7,Sunday,2017/7/30,17,8.7,0,10.5
2017,7,Monday,2017/7/31,14.7,2.9,0,11.5
2017,8,Tuesday,2017/8/1,14.7,2.6,0,11.5
2017,8,Wednesday,2017/8/2,12.5,0.9,0,9
2017,8,Thursday,2017/8/3,8.3,1,0,3.5
2017,8,Friday,2017/8/4,11.8,3.4,6.6,7.1
2017,8,Saturday,2017/8/5,13.7,7.2,0.2,11.9
2017,8,Sunday,2017/8/6,12,7.2,0.2,7.9
2017,8,Monday,2017/8/7,12.1,6,0.6,6.9
2017,8,Tuesday,2017/8/8,14.8,4.8,3.4,8.5
2017,8,Wednesday,2017/8/9,15.9,6.1,0,11.6
2017,8,Thursday,2017/8/10,18.1,10.1,0,12
2017,8,Friday,2017/8/11,16.2,7.1,0,9
2017,8,Saturday,2017/8/12,17.9,9.1,0.6,9.3
2017,8,Sunday,2017/8/13,18,7.9,0,11.8
2017,8,Monday,2017/8/14,19.8,10.2,0,13.1
2017,8,Tuesday,2017/8/15,16.6,8.6,0,3.7
2017,8,Wednesday,2017/8/16,17.6,9.3,0.2,13
2017,8,Thursday,2017/8/17,15.7,7.5,3.6,9.4
2017,8,Friday,2017/8/18,11.7,5.2,2.8,9.8
2017,8,Saturday,2017/8/19,11,4,3.2,10
2017,8,Sunday,2017/8/20,12.9,1.5,1.8,14.1
2017,8,Monday,2017/8/21,12.4,5.9,0.4,8.5
2017,8,Tuesday,2017/8/22,17,4.3,0.8,10.7
2017,8,Wednesday,2017/8/23,17.5,7.3,0,9.3
2017,8,Thursday,2017/8/24,13.5,4.2,6,10.8
2017,8,Friday,2017/8/25,13.7,2.7,0.2,12.1
2017,8,Saturday,2017/8/26,14.8,8.5,0,7.7
2017,8,Sunday,2017/8/27,9.5,4.3,6,11.5
2017,8,Monday,2017/8/28,11.7,2.9,2,9.2
2017,8,Tuesday,2017/8/29,13,2.7,0.4,8
2017,8,Wednesday,2017/8/30,12.4,4,0,9.4
2017,8,Thursday,2017/8/31,14.3,0.8,1,15.9
2017,9,Friday,2017/9/1,16.9,1.1,0,12.6
2017,9,Saturday,2017/9/2,16.1,9.6,0,6.5
2017,9,Sunday,2017/9/3,16,10.6,0.2,9.2
2017,9,Monday,2017/9/4,13.4,6.2,2.6,12.5
2017,9,Tuesday,2017/9/5,13.4,4.5,0.6,11.4
2017,9,Wednesday,2017/9/6,15.4,4.2,5.6,10.1
2017,9,Thursday,2017/9/7,15,4.6,1.8,11.5
2017,9,Friday,2017/9/8,13.9,6.4,4,14.1
2017,9,Saturday,2017/9/9,15.3,5.2,0.4,14.4
2017,9,Sunday,2017/9/10,15.9,3,0,14.2
2017,9,Monday,2017/9/11,16.9,7.1,0,7.8
2017,9,Tuesday,2017/9/12,21,10.8,0.6,5.6
2017,9,Wednesday,2017/9/13,16.1,9.2,1.6,11.2
2017,9,Thursday,2017/9/14,14.5,4.1,0.8,12
2017,9,Friday,2017/9/15,17.1,8.3,0,9.1
2017,9,Saturday,2017/9/16,13.6,6,4.6,15.3
2017,9,Sunday,2017/9/17,17.8,1.8,0.2,19.1
2017,9,Monday,2017/9/18,21.6,9.3,0,15.9
2017,9,Tuesday,2017/9/19,14.5,6.9,0.6,13.6
2017,9,Wednesday,2017/9/20,18.9,4.5,0,18.5
2017,9,Thursday,2017/9/21,22.8,11.3,0,13.1
2017,9,Friday,2017/9/22,25.2,9.9,0,19
2017,9,Saturday,2017/9/23,30.2,14,0,19.3
2017,9,Sunday,2017/9/24,19.4,9.6,0.4,18.7
2017,9,Monday,2017/9/25,15,9.3,2.8,8.9
2017,9,Tuesday,2017/9/26,16.3,2.1,1,19.7
2017,9,Wednesday,2017/9/27,24.3,7.4,0,17
2017,9,Thursday,2017/9/28,18.8,6.9,0,16.1
2017,9,Friday,2017/9/29,18.4,7.4,0,17.6
2017,9,Saturday,2017/9/30,16.5,8.8,0.2,15.2
2017,10,Sunday,2017/10/1,18.5,6.1,0.2,10.3
2017,10,Monday,2017/10/2,18.1,5.7,1.4,16.4
2017,10,Tuesday,2017/10/3,23.4,4.2,0,21.7
2017,10,Wednesday,2017/10/4,26.3,5.3,0,20.2
2017,10,Thursday,2017/10/5,21.2,11.7,0,8.9
2017,10,Friday,2017/10/6,16.2,8.5,0,14.3
2017,10,Saturday,2017/10/7,23.5,4.7,0,17.7
2017,10,Sunday,2017/10/8,24.9,10.9,0,19.2
2017,10,Monday,2017/10/9,19.9,12.8,1,17.8
2017,10,Tuesday,2017/10/10,21.1,4.5,0,23.5
2017,10,Wednesday,2017/10/11,24.9,7,0,7.8
2017,10,Thursday,2017/10/12,18.8,6.9,5.8,17.2
2017,10,Friday,2017/10/13,17.6,8.2,0,6.8
2017,10,Saturday,2017/10/14,17.8,5.5,0,22.8
2017,10,Sunday,2017/10/15,21.7,3.7,0,24.4
2017,10,Monday,2017/10/16,28.6,8.7,0,24
2017,10,Tuesday,2017/10/17,30.4,12.4,0,24.8
2017,10,Wednesday,2017/10/18,30.5,11.5,0,24.9
2017,10,Thursday,2017/10/19,25.7,19.3,0,11.7
2017,10,Friday,2017/10/20,16.8,7.2,3.4,21.4
2017,10,Saturday,2017/10/21,15.1,9.9,0,8
2017,10,Sunday,2017/10/22,17.2,9.4,0,9.5
2017,10,Monday,2017/10/23,21.4,10.3,0,24.7
2017,10,Tuesday,2017/10/24,24.4,9.2,0,13.3
2017,10,Wednesday,2017/10/25,18,12.7,12.6,13
2017,10,Thursday,2017/10/26,16.8,11.3,0.2,7.2
2017,10,Friday,2017/10/27,27,11.8,0,26.3
2017,10,Saturday,2017/10/28,21.9,14.4,0,18.3
2017,10,Sunday,2017/10/29,28.7,9,0,26.9
2017,10,Monday,2017/10/30,15.8,6.9,4.8,18.1
2017,10,Tuesday,2017/10/31,16.9,5.2,3.8,19.5
2017,11,Wednesday,2017/11/1,18.5,11.2,0,10.4
2017,11,Thursday,2017/11/2,15.5,9.1,2.2,8.5
2017,11,Friday,2017/11/3,17,8,0.4,19.8
2017,11,Saturday,2017/11/4,16.4,3.9,0,22.5
2017,11,Sunday,2017/11/5,18,3.2,0,24.8
2017,11,Monday,2017/11/6,17.4,7.3,0.6,17.1
2017,11,Tuesday,2017/11/7,16,8.7,0,16.2
2017,11,Wednesday,2017/11/8,18.9,10.1,0,25.3
2017,11,Thursday,2017/11/9,23.3,7.5,0,28.5
2017,11,Friday,2017/11/10,28,10.2,0,22.7
2017,11,Saturday,2017/11/11,27.9,12.4,0,28
2017,11,Sunday,2017/11/12,27.6,12.6,0,26.6
2017,11,Monday,2017/11/13,33.9,10.7,0,25.9
2017,11,Tuesday,2017/11/14,34.4,16.9,0,28.9
2017,11,Wednesday,2017/11/15,30.9,22,0,14.1
2017,11,Thursday,2017/11/16,21.2,16.4,2.8,5.5
2017,11,Friday,2017/11/17,27.1,14.4,7.8,21.5
2017,11,Saturday,2017/11/18,29.4,12.6,0,22.9
2017,11,Sunday,2017/11/19,29.3,13.4,30.8,23.4
2017,11,Monday,2017/11/20,31.4,14.4,0,27.8
2017,11,Tuesday,2017/11/21,32.5,14.3,0,27.6
2017,11,Wednesday,2017/11/22,33,16.2,0,30.5
2017,11,Thursday,2017/11/23,33.9,11.6,0,28.9
2017,11,Friday,2017/11/24,31.6,15.9,0.4,16.1
2017,11,Saturday,2017/11/25,33.4,17.1,1.6,18.5
2017,11,Sunday,2017/11/26,27.5,18.6,3,
2017,11,Monday,2017/11/27,22.4,15.2,2,16.8
2017,11,Tuesday,2017/11/28,30.6,11.2,0,30.8
2017,11,Wednesday,2017/11/29,35.9,17.6,0,29.7
2017,11,Thursday,2017/11/30,35.3,21.1,0,27
2017,12,Friday,2017/12/1,24.7,20.3,1.2,3.7
2017,12,Saturday,2017/12/2,15.1,13.4,32.4,3.6
2017,12,Sunday,2017/12/3,16.4,10.5,18.8,11.7
2017,12,Monday,2017/12/4,16.4,10.6,12,6.5
2017,12,Tuesday,2017/12/5,22.3,9.8,3.8,19.5
2017,12,Wednesday,2017/12/6,22.4,11.4,0,19.5
2017,12,Thursday,2017/12/7,23.6,9.5,0,19.2
2017,12,Friday,2017/12/8,19.8,9,20.6,24.2
2017,12,Saturday,2017/12/9,24.6,10.5,0,21.5
2017,12,Sunday,2017/12/10,23.6,11.9,0,30.7
2017,12,Monday,2017/12/11,21.8,13.1,0,29.5
2017,12,Tuesday,2017/12/12,27.9,14.6,0,31.2
2017,12,Wednesday,2017/12/13,37.4,12.9,0,32
2017,12,Thursday,2017/12/14,25.4,20.4,0,20
2017,12,Friday,2017/12/15,26.1,12.5,0,32.1
2017,12,Saturday,2017/12/16,25.1,11.3,0,32
2017,12,Sunday,2017/12/17,25.6,12.2,0,30.2
2017,12,Monday,2017/12/18,33.8,14.6,0,23.5
2017,12,Tuesday,2017/12/19,38.3,20,0,20
2017,12,Wednesday,2017/12/20,24.8,15,15,18.3
2017,12,Thursday,2017/12/21,24.6,9.8,0.2,32.2
2017,12,Friday,2017/12/22,28.7,11.7,0,27.4
2017,12,Saturday,2017/12/23,31.5,12.4,0,18.5
2017,12,Sunday,2017/12/24,20.1,13.6,0.8,24.1
2017,12,Monday,2017/12/25,21.5,12.8,0,29.5
2017,12,Tuesday,2017/12/26,30.1,10,0,31.4
2017,12,Wednesday,2017/12/27,34.7,16.8,0,31.5
2017,12,Thursday,2017/12/28,32.7,22.4,0,13.2
2017,12,Friday,2017/12/29,24.8,17.8,5.2,6.5
2017,12,Saturday,2017/12/30,22.2,13,13.6,19.1
2017,12,Sunday,2017/12/31,26.2,9,0.8,31.7
2018,1,Monday,2018/1/1,26.2,14,0,31.5
2018,1,Tuesday,2018/1/2,23.6,15.5,0,25.9
2018,1,Wednesday,2018/1/3,22.3,11.2,0,28.5
2018,1,Thursday,2018/1/4,25.5,11.5,0,31.7
2018,1,Friday,2018/1/5,30.5,12.2,0,31.8
2018,1,Saturday,2018/1/6,41.5,16.6,0,31.8
2018,1,Sunday,2018/1/7,22,15.7,0,11.2
2018,1,Monday,2018/1/8,23.6,15.9,0,17.2
2018,1,Tuesday,2018/1/9,22.8,13.9,0,22.7
2018,1,Wednesday,2018/1/10,25.5,12.1,0,27.1
2018,1,Thursday,2018/1/11,35.1,13.3,0,25.5
2018,1,Friday,2018/1/12,30.4,21.8,0,5.1
2018,1,Saturday,2018/1/13,22.1,13.5,3.8,12.3
2018,1,Sunday,2018/1/14,19.8,10.3,15.2,24.7
2018,1,Monday,2018/1/15,21.7,12.4,0,16.1
2018,1,Tuesday,2018/1/16,26.3,10.9,0,31.1
2018,1,Wednesday,2018/1/17,32.1,10.4,0,30.9
2018,1,Thursday,2018/1/18,39.8,14.5,0,30.9
2018,1,Friday,2018/1/19,42.4,21.3,0,30.6
2018,1,Saturday,2018/1/20,27.1,17.3,0,20.5
2018,1,Sunday,2018/1/21,29.8,19.3,0.4,14.2
2018,1,Monday,2018/1/22,27.8,18.5,0,28.9
2018,1,Tuesday,2018/1/23,25.3,16.9,0,27.1
2018,1,Wednesday,2018/1/24,25.6,12.9,0,27.2
2018,1,Thursday,2018/1/25,30.1,15.9,0,27.5
2018,1,Friday,2018/1/26,31.3,18.3,3.4,17.2
2018,1,Saturday,2018/1/27,33.7,20.2,3.8,26.1
2018,1,Sunday,2018/1/28,38.7,21.3,0,29.5
2018,1,Monday,2018/1/29,34.5,26.5,0,8.8
2018,1,Tuesday,2018/1/30,19.9,14.3,43.6,10.3
2018,1,Wednesday,2018/1/31,19,11.7,0,17.5
2018,2,Thursday,2018/2/1,22.7,8.3,0,28.7
2018,2,Friday,2018/2/2,23.3,12.8,0,26.8
2018,2,Saturday,2018/2/3,27.8,12.6,0,28.1
2018,2,Sunday,2018/2/4,27.8,13.4,0,28.5
2018,2,Monday,2018/2/5,28.1,15.3,0,25.5
2018,2,Tuesday,2018/2/6,30.8,15.5,0,28
2018,2,Wednesday,2018/2/7,37.4,16.1,0,27.4
2018,2,Thursday,2018/2/8,29.9,19.5,0,19.5
2018,2,Friday,2018/2/9,27,19.1,0,15.6
2018,2,Saturday,2018/2/10,31.2,17.2,0,3.9
2018,2,Sunday,2018/2/11,22.1,12.1,0.8,16.5
2018,2,Monday,2018/2/12,23.7,14.4,0,21.9
2018,2,Tuesday,2018/2/13,30,11,0,25.3
2018,2,Wednesday,2018/2/14,23.9,16.4,0,25.3
2018,2,Thursday,2018/2/15,24.2,9.6,0,19
2018,2,Friday,2018/2/16,23.8,12.8,0,23.4
2018,2,Saturday,2018/2/17,27.5,9.6,0,25.4
2018,2,Sunday,2018/2/18,26.5,11.3,0,18.7
2018,2,Monday,2018/2/19,26.7,16.9,0.4,14.5
2018,2,Tuesday,2018/2/20,29.3,11.4,0,25.5
2018,2,Wednesday,2018/2/21,29.3,13.8,0,12.5
2018,2,Thursday,2018/2/22,29.1,18.4,0,10.6
2018,2,Friday,2018/2/23,34.5,19.6,0.6,14.8
2018,2,Saturday,2018/2/24,33.8,22.1,0.4,6.5
2018,2,Sunday,2018/2/25,19.3,15.1,0,9.8
2018,2,Monday,2018/2/26,26.9,10.4,0,24.2
2018,2,Tuesday,2018/2/27,31.7,12.5,0,23.8
2018,2,Wednesday,2018/2/28,32,17.8,0,21.8
2018,3,Thursday,2018/3/1,21.9,14.3,0.4,14.7
2018,3,Friday,2018/3/2,24.4,13.9,0.2,18
2018,3,Saturday,2018/3/3,34.2,11.9,0,21.8
2018,3,Sunday,2018/3/4,22.5,11.6,0,18.3
2018,3,Monday,2018/3/5,21.4,12.6,0,15.3
2018,3,Tuesday,2018/3/6,26.4,10.2,0,22.4
2018,3,Wednesday,2018/3/7,29.8,11.2,0,22.1
2018,3,Thursday,2018/3/8,31.4,13.4,0,21.9
2018,3,Friday,2018/3/9,31.7,11.4,0,21.7
2018,3,Saturday,2018/3/10,36,12.4,0,21.4
2018,3,Sunday,2018/3/11,26.1,17.3,0,15
2018,3,Monday,2018/3/12,21.4,14.4,0,12
2018,3,Tuesday,2018/3/13,22.3,13.3,0.4,14.6
2018,3,Wednesday,2018/3/14,22.7,12.1,0,18.5
2018,3,Thursday,2018/3/15,22.3,12.8,0,13.3
2018,3,Friday,2018/3/16,27.2,10.7,0,14.4
2018,3,Saturday,2018/3/17,31.7,14.3,0,12.9
2018,3,Sunday,2018/3/18,24.2,22.5,0,13.2
2018,3,Monday,2018/3/19,27.9,10,0,18.5
2018,3,Tuesday,2018/3/20,18.4,14.5,0,8.3
2018,3,Wednesday,2018/3/21,26.1,8.2,0,18.6
2018,3,Thursday,2018/3/22,27.9,9.4,0,18.5
2018,3,Friday,2018/3/23,29.2,14.2,0,18.4
2018,3,Saturday,2018/3/24,24.1,19.3,0,6.4
2018,3,Sunday,2018/3/25,25.8,17.1,25.6,13.5
2018,3,Monday,2018/3/26,19.7,8.9,3.4,11.9
2018,3,Tuesday,2018/3/27,22.2,7.4,0,13.6
2018,3,Wednesday,2018/3/28,30.7,10.3,0,17.7
2018,3,Thursday,2018/3/29,23,14.8,0,15.6
2018,3,Friday,2018/3/30,24.7,10.6,0,14.4
2018,3,Saturday,2018/3/31,23.8,10.3,0,17.1
2018,4,Sunday,2018/4/1,28.4,11,0,10.8
2018,4,Monday,2018/4/2,21.4,13.3,0,13.6
2018,4,Tuesday,2018/4/3,20.5,10.6,0,14.2
2018,4,Wednesday,2018/4/4,23.3,12.1,0,16.7
2018,4,Thursday,2018/4/5,20.4,11.8,0,11.8
2018,4,Friday,2018/4/6,21,12,0,10.1
2018,4,Saturday,2018/4/7,22.8,8.1,0,16
2018,4,Sunday,2018/4/8,31.3,11.6,0,14.3
2018,4,Monday,2018/4/9,26.2,12.3,0,15.8
2018,4,Tuesday,2018/4/10,28,13.1,0,5.3
2018,4,Wednesday,2018/4/11,30.4,16.3,0.2,13.1
2018,4,Thursday,2018/4/12,28.2,14,0,6.5
2018,4,Friday,2018/4/13,25.8,9.9,0,14.6
2018,4,Saturday,2018/4/14,15.4,10.2,0,4.4
2018,4,Sunday,2018/4/15,19.6,8.3,5.8,4.5
2018,4,Monday,2018/4/16,22.2,13.7,0.4,8.4
2018,4,Tuesday,2018/4/17,16.3,10.4,0,9
2018,4,Wednesday,2018/4/18,24.1,3.4,0,14
2018,4,Thursday,2018/4/19,24,9,0,13.1
2018,4,Friday,2018/4/20,22,6,0,14
2018,4,Saturday,2018/4/21,24.8,8.8,0,11.5
2018,4,Sunday,2018/4/22,23.2,7.4,0,13
2018,4,Monday,2018/4/23,28.7,7.5,0,13
2018,4,Tuesday,2018/4/24,24.2,11.4,0,5.6
2018,4,Wednesday,2018/4/25,21.6,15.1,0.6,10.2
2018,4,Thursday,2018/4/26,18.6,8.7,0,7.7
2018,4,Friday,2018/4/27,17.4,8.1,0,8.7
2018,4,Saturday,2018/4/28,18.6,7.5,0,12
2018,4,Sunday,2018/4/29,18.4,10.3,0,9.6
2018,4,Monday,2018/4/30,20.9,7.5,0,12.1
2018,5,Tuesday,2018/5/1,24.1,5,0,12.4
2018,5,Wednesday,2018/5/2,22.9,12.2,0,6.1
2018,5,Thursday,2018/5/3,24.7,14.3,0,7
2018,5,Friday,2018/5/4,16.5,9.8,3.4,6.2
2018,5,Saturday,2018/5/5,20.8,8.9,0.4,9.4
2018,5,Sunday,2018/5/6,21,8.9,0,10.5
2018,5,Monday,2018/5/7,19.1,9.9,0,5.2
2018,5,Tuesday,2018/5/8,18.7,10.9,0.4,11.1
2018,5,Wednesday,2018/5/9,18.4,7.1,0,8.2
2018,5,Thursday,2018/5/10,13.4,6.4,9.4,9.1
2018,5,Friday,2018/5/11,13.3,5.9,15.2,3.6
2018,5,Saturday,2018/5/12,16.2,9.9,16.8,6.6
2018,5,Sunday,2018/5/13,16,10.5,5,9.1
2018,5,Monday,2018/5/14,15.4,6.1,0,10
2018,5,Tuesday,2018/5/15,13.8,6.9,0,5
2018,5,Wednesday,2018/5/16,14,6.4,1.6,5.8
2018,5,Thursday,2018/5/17,13.9,8.7,0,5.5
2018,5,Friday,2018/5/18,17.2,10.8,0.6,7.2
2018,5,Saturday,2018/5/19,14.3,7.8,0,6.5
2018,5,Sunday,2018/5/20,16,9.7,0,3.1
2018,5,Monday,2018/5/21,15.4,9.5,1,5.9
2018,5,Tuesday,2018/5/22,16,11.8,1,3.4
2018,5,Wednesday,2018/5/23,14.1,9.3,0.2,4.5
2018,5,Thursday,2018/5/24,15.7,11.2,0.2,5
2018,5,Friday,2018/5/25,15.9,10,0,9.8
2018,5,Saturday,2018/5/26,19.8,2.6,0,9.9
2018,5,Sunday,2018/5/27,19.9,7.7,0,8.3
2018,5,Monday,2018/5/28,20.8,13.4,0,4.3
2018,5,Tuesday,2018/5/29,16.9,11.4,2,9
2018,5,Wednesday,2018/5/30,14.9,5,0,8.7
2018,5,Thursday,2018/5/31,14,8,2.8,7.6
2018,6,Friday,2018/6/1,14.1,1.8,0,9.7
2018,6,Saturday,2018/6/2,14,2.3,0,9.7
2018,6,Sunday,2018/6/3,13.7,3.4,0.2,8.5
2018,6,Monday,2018/6/4,15,4.9,0,9.1
2018,6,Tuesday,2018/6/5,15.1,8.3,1.8,8.6
2018,6,Wednesday,2018/6/6,18.7,3.2,0,9.5
2018,6,Thursday,2018/6/7,17.5,6.7,0,4.5
2018,6,Friday,2018/6/8,12.7,11.7,0,2.5
2018,6,Saturday,2018/6/9,16.3,8.2,1.8,7
2018,6,Sunday,2018/6/10,15.6,3,0.2,9.4
2018,6,Monday,2018/6/11,16,4.2,0.2,9.1
2018,6,Tuesday,2018/6/12,15.7,9.3,1.8,8.2
2018,6,Wednesday,2018/6/13,13.2,6.2,0.2,6.7
2018,6,Thursday,2018/6/14,13.9,6.1,4.8,8.7
2018,6,Friday,2018/6/15,13.7,9,0.4,5
2018,6,Saturday,2018/6/16,12.8,4.6,0.8,7.3
2018,6,Sunday,2018/6/17,11.7,6.1,19.8,3.5
2018,6,Monday,2018/6/18,10.7,7.5,36.6,3.7
2018,6,Tuesday,2018/6/19,12.9,1.4,2,9.1
2018,6,Wednesday,2018/6/20,14.7,2.5,0,8
2018,6,Thursday,2018/6/21,14.8,2.6,0,9.3
2018,6,Friday,2018/6/22,15,3,0,7.9
2018,6,Saturday,2018/6/23,13,4.9,0,5.3
2018,6,Sunday,2018/6/24,12.3,6.9,0.2,6.2
2018,6,Monday,2018/6/25,12.5,5.4,0,6.4
2018,6,Tuesday,2018/6/26,13.7,7.3,0,8.2
2018,6,Wednesday,2018/6/27,12.7,2.5,0,5
2018,6,Thursday,2018/6/28,9.6,2.8,0,4.7
2018,6,Friday,2018/6/29,12.1,4.7,0.2,5.3
2018,6,Saturday,2018/6/30,13.9,7.9,0.4,6.3
2018,7,Sunday,2018/7/1,14.2,3,0.6,9.2
2018,7,Monday,2018/7/2,13.8,1.9,0,9.5
2018,7,Tuesday,2018/7/3,14.1,5.4,0,6.4
2018,7,Wednesday,2018/7/4,15.7,9.1,0,5.2
2018,7,Thursday,2018/7/5,17.9,9.6,0,6.8
2018,7,Friday,2018/7/6,14.4,8.4,0,8.7
2018,7,Saturday,2018/7/7,12.1,7.8,1.4,7.4
2018,7,Sunday,2018/7/8,13.7,7.3,0.6,7.8
2018,7,Monday,2018/7/9,13.8,7.7,0.2,7.4
2018,7,Tuesday,2018/7/10,11.2,5.9,0,7.1
2018,7,Wednesday,2018/7/11,9.8,4.8,0,7.8
2018,7,Thursday,2018/7/12,11.9,1.9,0.2,8.9
2018,7,Friday,2018/7/13,13.2,5.2,0,7.2
2018,7,Saturday,2018/7/14,14.3,2.4,0,10.1
2018,7,Sunday,2018/7/15,12.6,3.6,0,10.2
2018,7,Monday,2018/7/16,12.8,5.9,0,7.3
2018,7,Tuesday,2018/7/17,16.3,6.1,0,8.6
2018,7,Wednesday,2018/7/18,14.3,4.7,1.4,10.4
2018,7,Thursday,2018/7/19,18.3,6.7,0,8.3
2018,7,Friday,2018/7/20,11.7,4.7,2.2,7.5
2018,7,Saturday,2018/7/21,13.1,4.1,0.4,7.1
2018,7,Sunday,2018/7/22,13.6,5.8,0,10.7
2018,7,Monday,2018/7/23,12.8,5.7,1,6.9
2018,7,Tuesday,2018/7/24,15.9,6.4,0.4,8.2
2018,7,Wednesday,2018/7/25,15,5.6,3.8,10.4
2018,7,Thursday,2018/7/26,14,5.5,0.6,8.9
2018,7,Friday,2018/7/27,18.8,7.2,0,9.9
2018,7,Saturday,2018/7/28,17.9,8.4,0,7.9
2018,7,Sunday,2018/7/29,14,9.7,1.4,9.2
2018,7,Monday,2018/7/30,12,6.6,2,7.2
2018,7,Tuesday,2018/7/31,15,5.7,0,10
2018,8,Wednesday,2018/8/1,15.1,6.6,3.6,10.3
2018,8,Thursday,2018/8/2,14.9,3.4,0,11.8
2018,8,Friday,2018/8/3,17.2,7.8,0,7
2018,8,Saturday,2018/8/4,14.5,4.9,2.4,7.5
2018,8,Sunday,2018/8/5,16.5,8.2,0,11.8
2018,8,Monday,2018/8/6,13.7,7.5,0,10.1
2018,8,Tuesday,2018/8/7,14.2,5.3,0,11
2018,8,Wednesday,2018/8/8,16.4,8.7,0.8,7
2018,8,Thursday,2018/8/9,13.4,2.9,0.8,9.3
2018,8,Friday,2018/8/10,19.2,8.3,0,12.7
2018,8,Saturday,2018/8/11,13.8,7.5,3.8,7.1
2018,8,Sunday,2018/8/12,14.3,3.1,0.4,11.5
2018,8,Monday,2018/8/13,15.5,8.2,0,8.4
2018,8,Tuesday,2018/8/14,16.5,6.4,0,13.3
2018,8,Wednesday,2018/8/15,18.3,10.6,0,11.9
2018,8,Thursday,2018/8/16,14.6,4.6,0,10
2018,8,Friday,2018/8/17,15.2,5,0,12.2
2018,8,Saturday,2018/8/18,13.8,6.9,0.4,12.3
2018,8,Sunday,2018/8/19,12,5.3,4.4,9.1
2018,8,Monday,2018/8/20,11.4,3.8,1.4,6.3
2018,8,Tuesday,2018/8/21,11.8,5.1,0.8,8
2018,8,Wednesday,2018/8/22,14,5.5,0.4,9.7
2018,8,Thursday,2018/8/23,16.4,3.9,0,11.8
2018,8,Friday,2018/8/24,16.4,2.2,0,14.8
2018,8,Saturday,2018/8/25,17,2.1,0,14.9
2018,8,Sunday,2018/8/26,14.4,2,0,14
2018,8,Monday,2018/8/27,12.6,2.9,1.8,13.6
2018,8,Tuesday,2018/8/28,11.7,-0.4,0,13.2
2018,8,Wednesday,2018/8/29,13.8,-2,0,15.6
2018,8,Thursday,2018/8/30,14.2,2.4,0,4
2018,8,Friday,2018/8/31,16.1,7.1,0.6,7.8
2018,9,Saturday,2018/9/1,15.2,7.6,0.6,10.8
2018,9,Sunday,2018/9/2,12.7,3.5,3.4,11.1
2018,9,Monday,2018/9/3,13.9,2.7,0.2,12.8
2018,9,Tuesday,2018/9/4,18.7,1.7,0,16.5
2018,9,Wednesday,2018/9/5,19.2,5.3,0,16.2
2018,9,Thursday,2018/9/6,19.5,9,0,11
2018,9,Friday,2018/9/7,14.4,5.8,4.4,11.1
2018,9,Saturday,2018/9/8,17.3,3.2,0,16
2018,9,Sunday,2018/9/9,18.4,8.6,0,9.6
2018,9,Monday,2018/9/10,18,9.6,0,10.8
2018,9,Tuesday,2018/9/11,23.7,9.5,0,17.8
2018,9,Wednesday,2018/9/12,18.1,7.4,0,15
2018,9,Thursday,2018/9/13,19.7,5.5,0,18.2
2018,9,Friday,2018/9/14,22.8,6.5,0,18.2
2018,9,Saturday,2018/9/15,13.4,9.9,0.2,9.4
2018,9,Sunday,2018/9/16,13.8,3,1.8,14.6
2018,9,Monday,2018/9/17,18.1,4.2,0,18.7
2018,9,Tuesday,2018/9/18,21.4,8.4,0,14.3
2018,9,Wednesday,2018/9/19,15.4,4.9,0.6,15.5
2018,9,Thursday,2018/9/20,17.7,2.3,3.2,16.5
2018,9,Friday,2018/9/21,18.8,5.9,0,16.4
2018,9,Saturday,2018/9/22,20.2,4.8,0,19.6
2018,9,Sunday,2018/9/23,12.9,8.8,1.2,10
2018,9,Monday,2018/9/24,15.3,3.4,0,18.4
2018,9,Tuesday,2018/9/25,14.6,6.8,0,11.3
2018,9,Wednesday,2018/9/26,19,2.8,0,20.7
2018,9,Thursday,2018/9/27,24.3,6.8,0,20.2
2018,9,Friday,2018/9/28,15.2,6.4,0,11.1
2018,9,Saturday,2018/9/29,14.4,3.1,0.8,12.6
2018,9,Sunday,2018/9/30,16.6,4.2,0,14.4
2018,10,Monday,2018/10/1,23.2,3,0,21.4
2018,10,Tuesday,2018/10/2,25.9,10.3,0,13.1
2018,10,Wednesday,2018/10/3,19.1,15.2,0,10.4
2018,10,Thursday,2018/10/4,16.4,10,0,10.3
2018,10,Friday,2018/10/5,19.2,5,0,22.2
2018,10,Saturday,2018/10/6,24.2,6,0,21.9
2018,10,Sunday,2018/10/7,25.5,6.4,0,14
2018,10,Monday,2018/10/8,27.5,10.5,0,18.3
2018,10,Tuesday,2018/10/9,16.4,13.5,0.2,7.1
2018,10,Wednesday,2018/10/10,16.2,8.6,8.4,21.2
2018,10,Thursday,2018/10/11,19.5,3.2,0,23.6
2018,10,Friday,2018/10/12,22.6,5.4,0,23.7
2018,10,Saturday,2018/10/13,24.4,6.7,0,23.5
2018,10,Sunday,2018/10/14,27.2,10.2,0,22.5
2018,10,Monday,2018/10/15,27.3,16.2,0,18.6
2018,10,Tuesday,2018/10/16,23.2,18.1,0,7.1
2018,10,Wednesday,2018/10/17,22.7,14.4,7.6,17
2018,10,Thursday,2018/10/18,21.3,13.6,2.2,11.6
2018,10,Friday,2018/10/19,27.8,10.1,0,21.5
2018,10,Saturday,2018/10/20,16.6,10,5.8,9.2
2018,10,Sunday,2018/10/21,18.8,6.4,14.2,19.1
2018,10,Monday,2018/10/22,27,7.7,0,25.3
2018,10,Tuesday,2018/10/23,20.1,9.1,0,15.5
2018,10,Wednesday,2018/10/24,16.6,4.7,0,20.2
2018,10,Thursday,2018/10/25,22.3,4.8,0,25.8
2018,10,Friday,2018/10/26,19,5.9,0,19.9
2018,10,Saturday,2018/10/27,21.2,7.1,0,15.3
2018,10,Sunday,2018/10/28,17.2,8.3,0,24.1
2018,10,Monday,2018/10/29,18.2,8.8,0,25.9
2018,10,Tuesday,2018/10/30,26.9,5.9,0,25.9
2018,10,Wednesday,2018/10/31,21,12.4,0,16.1
2018,11,Thursday,2018/11/1,34.2,10.5,0,15
2018,11,Friday,2018/11/2,32.7,14.4,0.8,16
2018,11,Saturday,2018/11/3,22,10.3,0,23
2018,11,Sunday,2018/11/4,25,6.5,0,18.3
2018,11,Monday,2018/11/5,28.4,13.6,3.4,15.2
2018,11,Tuesday,2018/11/6,21.7,15.1,7.6,7
2018,11,Wednesday,2018/11/7,17.2,7.5,41.6,16.5
2018,11,Thursday,2018/11/8,18.3,5.8,0.8,22.1
2018,11,Friday,2018/11/9,19.9,6.6,0,13.3
2018,11,Saturday,2018/11/10,20.9,7.5,1,21.5
2018,11,Sunday,2018/11/11,20.9,6.9,0,29.1
2018,11,Monday,2018/11/12,30.3,8.2,0,20.3
2018,11,Tuesday,2018/11/13,30.1,19.4,0,17.4
2018,11,Wednesday,2018/11/14,16.4,14.5,4,4.7
2018,11,Thursday,2018/11/15,18.4,10.2,0.4,23
2018,11,Friday,2018/11/16,19.8,6,0,29.3
2018,11,Saturday,2018/11/17,19.1,6.8,0,29.7
2018,11,Sunday,2018/11/18,27.1,8,0,30
2018,11,Monday,2018/11/19,31,12.2,0,27.9
2018,11,Tuesday,2018/11/20,27,20.8,0,5.8
2018,11,Wednesday,2018/11/21,22.7,9.1,22.6,25.6
2018,11,Thursday,2018/11/22,16.3,8.6,5.4,15.9
2018,11,Friday,2018/11/23,14,10.1,3.4,5
2018,11,Saturday,2018/11/24,17.3,11.1,4,10.1
2018,11,Sunday,2018/11/25,19.3,10.8,0,18.2
2018,11,Monday,2018/11/26,19.9,10.8,0,23.1
2018,11,Tuesday,2018/11/27,21.2,13.1,0,17.2
2018,11,Wednesday,2018/11/28,20.9,14.3,0,18.8
2018,11,Thursday,2018/11/29,20.1,12.9,3.6,17.6
2018,11,Friday,2018/11/30,21.8,13.5,0,27
2018,12,Saturday,2018/12/1,31.2,8.2,0,30.4
2018,12,Sunday,2018/12/2,19.8,12,7.8,19.3
2018,12,Monday,2018/12/3,23.6,11,0.2,17.9
2018,12,Tuesday,2018/12/4,20.4,11.8,0,24.1
2018,12,Wednesday,2018/12/5,25.1,11.7,0,31.1
2018,12,Thursday,2018/12/6,35.1,12.5,0,31.2
2018,12,Friday,2018/12/7,38.4,24.3,0,25.6
2018,12,Saturday,2018/12/8,30.4,21.5,0.2,13.1
2018,12,Sunday,2018/12/9,20.7,14.9,1.2,6
2018,12,Monday,2018/12/10,21.7,14.4,0.4,28.5
2018,12,Tuesday,2018/12/11,25.5,11.3,0,31.9
2018,12,Wednesday,2018/12/12,33.8,13,0,29.7
2018,12,Thursday,2018/12/13,19.7,15.6,21.4,7.6
2018,12,Friday,2018/12/14,23.7,14.2,18.2,15.3
2018,12,Saturday,2018/12/15,23.9,14.7,21.2,16.4
2018,12,Sunday,2018/12/16,23,15.5,2.2,18.1
2018,12,Monday,2018/12/17,23,13.5,0.6,19.3
2018,12,Tuesday,2018/12/18,22.6,15,0,19.6
2018,12,Wednesday,2018/12/19,26.1,16.1,0,12.9
2018,12,Thursday,2018/12/20,20.9,14.7,0,8.3
2018,12,Friday,2018/12/21,22.1,12.6,2.2,12.2
2018,12,Saturday,2018/12/22,19,11.8,36.4,27.2
2018,12,Sunday,2018/12/23,26.9,9.7,0,32.3
2018,12,Monday,2018/12/24,33.3,11.5,0,32.3
2018,12,Tuesday,2018/12/25,26.1,12.4,0,32.2
2018,12,Wednesday,2018/12/26,28.1,11.5,0,32.3
2018,12,Thursday,2018/12/27,39.8,14.3,0,30.1
2018,12,Friday,2018/12/28,35.8,20.7,0,18.8
2018,12,Saturday,2018/12/29,22.4,19.2,1.2,5
2018,12,Sunday,2018/12/30,20.6,16.7,0.8,4.1
2018,12,Monday,2018/12/31,25.4,15.8,2.8,31.2
